published_date,open,high,low,close,per_change,traded_quantity,traded_amount,status
2011-09-07,158.00,155.00,152.00,152.00,0.00,2335.00,355220.00,0
2011-09-08,152.00,155.00,155.00,155.00,0.00,27.00,4185.00,0
2011-09-12,155.00,158.00,158.00,158.00,0.00,27.00,4266.00,0
2011-09-15,158.00,161.00,161.00,161.00,0.00,10.00,1610.00,0
2011-09-18,161.00,163.00,163.00,163.00,0.00,20.00,3260.00,0
2011-09-19,163.00,160.00,160.00,160.00,0.00,22.00,3520.00,0
2011-09-20,160.00,163.00,163.00,163.00,0.00,30.00,4890.00,0
2011-10-17,163.00,163.00,163.00,163.00,0.00,50.00,8150.00,0
2011-12-12,163.00,163.00,163.00,163.00,0.00,43.00,7009.00,0
2012-01-18,163.00,134.00,134.00,134.00,0.00,315.00,42210.00,0
2012-02-08,134.00,132.00,132.00,132.00,0.00,71.00,9372.00,0
2012-04-19,132.00,134.00,134.00,134.00,0.00,50.00,6700.00,0
2012-04-29,134.00,133.00,132.00,132.00,0.00,2151.00,284132.00,0
2012-04-30,132.00,130.00,130.00,130.00,0.00,100.00,13000.00,0
2012-05-09,130.00,128.00,128.00,128.00,0.00,2000.00,256000.00,0
2012-05-10,128.00,126.00,126.00,126.00,0.00,248.00,31248.00,0
2012-05-13,126.00,124.00,124.00,124.00,0.00,100.00,12400.00,0
2012-05-14,124.00,122.00,122.00,122.00,0.00,100.00,12200.00,0
2012-05-21,122.00,121.00,120.00,121.00,0.00,340.00,41000.00,0
2012-05-27,121.00,119.00,119.00,119.00,0.00,1000.00,119000.00,0
2012-05-30,119.00,117.00,117.00,117.00,0.00,18.00,2106.00,0
2012-05-31,117.00,115.00,115.00,115.00,0.00,50.00,5750.00,0
2012-06-04,115.00,115.00,115.00,115.00,0.00,100.00,11500.00,0
2012-06-06,115.00,117.00,117.00,117.00,0.00,10.00,1170.00,0
2012-06-07,117.00,119.00,119.00,119.00,0.00,10.00,1190.00,0
2012-06-10,119.00,119.00,117.00,119.00,0.00,30.00,3530.00,0
2012-07-01,119.00,117.00,117.00,117.00,0.00,50.00,5850.00,0
2012-07-12,117.00,115.00,115.00,115.00,0.00,593.00,68195.00,0
2012-07-26,115.00,113.00,113.00,113.00,0.00,123.00,13899.00,0
2012-07-30,113.00,111.00,107.00,107.00,0.00,148.00,16008.00,0
2012-08-01,107.00,105.00,103.00,103.00,0.00,70.00,7250.00,0
2012-08-06,103.00,101.00,100.00,100.00,0.00,400.00,40100.00,0
2012-08-12,100.00,98.00,98.00,98.00,0.00,230.00,22540.00,0
2012-08-13,98.00,97.00,96.00,96.00,0.00,500.00,48200.00,0
2012-08-14,96.00,97.00,96.00,97.00,0.00,358.00,34516.00,0
2012-08-22,97.00,96.00,95.00,95.00,0.00,937.00,89507.00,0
2012-08-29,95.00,94.00,94.00,94.00,0.00,50.00,4700.00,0
2012-08-30,94.00,93.00,89.00,89.00,0.00,1179.00,106321.00,0
2012-09-05,89.00,88.00,88.00,88.00,0.00,58.00,5104.00,0
2012-09-06,88.00,89.00,89.00,89.00,0.00,100.00,8900.00,0
2012-09-17,89.00,88.00,88.00,88.00,0.00,100.00,8800.00,0
2012-09-18,88.00,90.00,89.00,90.00,0.00,357.00,31873.00,0
2012-09-19,90.00,91.00,91.00,91.00,0.00,12.00,1092.00,0
2012-09-20,91.00,92.00,91.00,92.00,0.00,40.00,3660.00,0
2012-09-30,92.00,92.00,92.00,92.00,0.00,200.00,18400.00,0
2012-10-01,92.00,91.00,91.00,91.00,0.00,68.00,6188.00,0
2012-10-01,92.00,91.00,91.00,91.00,0.00,68.00,6188.00,0
2012-10-02,91.00,90.00,90.00,90.00,0.00,111.00,9990.00,0
2012-10-03,90.00,89.00,89.00,89.00,0.00,171.00,15219.00,0
2012-10-07,89.00,90.00,90.00,90.00,0.00,200.00,18000.00,0
2012-12-09,90.00,89.00,88.00,88.00,0.00,260.00,23010.00,0
2013-04-09,88.00,90.00,89.00,90.00,0.00,1125.00,101000.00,0
2013-06-30,90.00,90.00,90.00,90.00,0.00,111.00,9990.00,0
2013-12-31,90.00,91.00,91.00,91.00,0.00,1114.00,101374.00,0
2014-01-01,91.00,90.00,90.00,90.00,0.00,148.00,13320.00,0
2014-03-06,90.00,89.00,89.00,89.00,0.00,91.00,8099.00,0
2014-06-09,89.00,90.00,90.00,90.00,0.00,11641.00,1047690.00,0
2014-07-17,90.00,99.00,91.00,99.00,0.00,1160.00,106280.00,0
2014-07-20,99.00,100.00,100.00,100.00,0.00,10.00,1000.00,0
2014-07-21,100.00,110.00,102.00,110.00,0.00,2043.00,212786.00,0
2014-07-22,110.00,121.00,112.00,121.00,0.00,1188.00,143360.00,0
2014-07-23,121.00,133.00,123.00,133.00,0.00,12048.00,1602084.00,0
2014-07-24,133.00,146.00,135.00,146.00,0.00,10860.00,1584200.00,0
2014-07-27,146.00,160.00,148.00,160.00,0.00,6232.00,996300.00,0
2014-07-28,160.00,175.00,163.00,175.00,0.00,763.00,128527.00,0
2014-07-30,175.00,188.00,172.00,172.00,0.00,8803.00,1596910.00,0
2014-08-03,172.00,169.00,169.00,169.00,0.00,50.00,8450.00,0
2014-08-05,169.00,166.00,163.00,163.00,0.00,261.00,42855.00,0
2014-08-13,163.00,160.00,157.00,157.00,0.00,684.00,108888.00,0
2014-08-18,157.00,154.00,151.00,154.00,0.00,616.00,93964.00,0
2014-08-19,154.00,151.00,148.00,148.00,0.00,469.00,69676.00,0
2014-08-20,148.00,146.00,134.00,134.00,0.00,850.00,119074.00,0
2014-08-21,134.00,132.00,130.00,130.00,0.00,109.00,14280.00,0
2014-09-11,130.00,128.00,126.00,126.00,0.00,991.00,124910.00,0
2014-09-24,126.00,124.00,124.00,124.00,0.00,567.00,70308.00,0
2019-12-17,124.00,136.00,122.00,136.00,9.68,865.00,114460.00,1
2019-12-18,138.00,149.00,138.00,149.00,9.56,5155.00,761565.00,1
2019-12-19,151.00,163.00,151.00,163.00,9.40,2934.00,465500.00,1
2019-12-22,166.00,179.00,147.00,147.00,-9.82,13863.00,2278367.00,-1
2019-12-23,145.00,154.00,141.00,151.00,2.72,5539.00,819331.00,1
2019-12-25,148.00,148.00,136.00,136.00,-9.93,1210.00,165900.00,-1
2019-12-26,135.00,135.00,123.00,132.00,-2.94,3835.00,492254.00,-1
2019-12-29,134.00,140.00,134.00,140.00,6.06,455.00,62110.00,1
2019-12-31,142.00,144.00,130.00,144.00,2.86,5397.00,751964.00,1
2020-01-01,146.00,146.00,140.00,140.00,-2.78,1060.00,150640.00,-1
2020-01-02,142.00,144.00,142.00,142.00,1.43,1510.00,214440.00,1
2020-01-05,140.00,140.00,130.00,134.00,-5.63,815.00,107250.00,-1
2020-01-06,132.00,135.00,128.00,135.00,0.75,2220.00,290480.00,1
2020-01-07,133.00,133.00,130.00,130.00,-3.70,1005.00,131690.00,-1
2020-01-08,129.00,129.00,128.00,128.00,-1.54,510.00,65580.00,-1
2020-01-09,128.00,128.00,126.00,126.00,-1.56,940.00,119040.00,-1
2020-01-12,125.00,130.00,124.00,128.00,1.59,1398.00,175868.00,1
2020-01-13,128.00,128.00,124.00,124.00,-3.13,2930.00,364680.00,-1
2020-01-14,125.00,136.00,125.00,133.00,7.26,1875.00,239952.00,1
2020-01-15,135.00,135.00,134.00,134.00,0.75,564.00,76090.00,1
2020-01-16,136.00,142.00,136.00,141.00,5.22,740.00,104010.00,1
2020-01-19,143.00,145.00,141.00,141.00,0.00,170.00,24410.00,0
2020-01-20,143.00,143.00,143.00,143.00,1.42,135.00,19305.00,1
2020-01-21,143.00,143.00,143.00,143.00,0.00,50.00,7150.00,0
2020-01-26,145.00,145.00,143.00,143.00,0.00,3510.00,501950.00,0
2020-01-27,145.00,147.00,145.00,147.00,2.80,20.00,2920.00,1
2020-01-28,154.00,154.00,149.00,149.00,1.36,20.00,3030.00,1
2020-01-29,156.00,156.00,153.00,153.00,2.68,110.00,16860.00,1
2020-01-30,153.00,153.00,150.00,150.00,-1.96,1500.00,228000.00,-1
2020-02-04,157.00,157.00,157.00,157.00,4.67,10.00,1570.00,1
2020-02-06,154.00,154.00,142.00,142.00,-9.55,2400.00,341260.00,-1
2020-02-09,140.00,140.00,129.00,134.00,-5.63,3077.00,404011.00,-1
2020-02-10,134.00,135.00,134.00,135.00,0.75,990.00,133150.00,1
2020-02-11,133.00,135.00,129.00,135.00,0.00,1585.00,209505.00,0
2020-02-12,133.00,134.00,131.00,131.00,-2.96,960.00,126860.00,-1
2020-02-13,132.00,137.00,132.00,137.00,4.58,2434.00,322647.00,1
2020-02-16,136.00,136.00,135.00,135.00,-1.46,330.00,44630.00,-1
2020-02-17,137.00,139.00,137.00,137.00,1.48,220.00,30160.00,1
2020-02-18,135.00,135.00,132.00,132.00,-3.65,1026.00,136772.00,-1
2020-02-19,132.00,132.00,131.00,132.00,0.00,830.00,109380.00,0
2020-02-20,134.00,138.00,134.00,136.00,3.03,670.00,91026.00,1
2020-02-23,136.00,136.00,136.00,136.00,0.00,130.00,17680.00,0
2020-02-24,136.00,136.00,132.00,132.00,-2.94,1200.00,161400.00,-1
2020-02-25,133.00,141.00,133.00,138.00,4.55,10925.00,1488674.00,1
2020-02-26,140.00,151.00,140.00,150.00,8.70,6537.00,973913.00,1
2020-02-27,153.00,163.00,153.00,162.00,8.00,6148.00,988416.00,1
2020-03-01,162.00,162.00,155.00,155.00,-4.32,592.00,93580.00,-1
2020-03-02,158.00,158.00,149.00,149.00,-3.87,2134.00,321792.00,-1
2020-03-03,148.00,154.00,146.00,154.00,3.36,2344.00,346767.00,1
2020-03-05,151.00,151.00,151.00,151.00,-1.95,500.00,75500.00,-1
2020-03-11,148.00,148.00,140.00,140.00,-7.28,652.00,92440.00,-1
2020-03-12,141.00,141.00,130.00,130.00,-7.14,1105.00,147020.00,-1
2020-03-15,128.00,128.00,124.00,126.00,-3.08,1300.00,163900.00,-1
2020-03-16,128.00,128.00,126.00,127.00,0.79,993.00,126784.00,1
2020-03-17,125.00,125.00,123.00,123.00,-3.15,125.00,15395.00,-1
2020-03-18,121.00,121.00,119.00,121.00,-1.63,3140.00,374740.00,-1
2020-03-19,119.00,121.00,119.00,119.00,-1.65,420.00,50180.00,-1
2020-07-06,121.00,127.00,121.00,127.00,6.72,260.00,32360.00,1
2020-07-07,129.00,135.00,129.00,135.00,6.30,1940.00,254180.00,1
2020-07-08,135.00,139.00,135.00,139.00,2.96,120.00,16620.00,1
2020-07-09,141.00,141.00,141.00,141.00,1.44,10.00,1410.00,1
2020-07-12,139.00,139.00,137.00,137.00,-2.84,120.00,16660.00,-1
2020-07-13,135.00,135.00,134.00,134.00,-2.19,697.00,93995.00,-1
2020-07-14,136.00,136.00,130.00,130.00,-2.99,595.00,77920.00,-1
2020-07-15,130.00,130.00,130.00,130.00,0.00,760.00,98800.00,0
2020-07-16,129.00,132.00,129.00,132.00,1.54,420.00,54310.00,1
2020-07-20,134.00,138.00,134.00,138.00,4.55,4015.00,550960.00,1
2020-07-21,140.00,140.00,134.00,134.00,-2.90,1689.00,231066.00,-1
2020-07-22,132.00,132.00,130.00,132.00,-1.49,631.00,82708.00,-1
2020-07-23,134.00,136.00,130.00,130.00,-1.52,1262.00,166914.00,-1
2020-07-26,130.00,130.00,128.00,130.00,0.00,227.00,29310.00,0
2020-07-27,132.00,134.00,132.00,132.00,1.54,560.00,74150.00,1
2020-07-28,131.00,133.00,130.00,133.00,0.76,1510.00,198220.00,1
2020-07-29,133.00,133.00,133.00,133.00,0.00,200.00,26600.00,0
2020-07-30,135.00,135.00,135.00,135.00,1.50,20.00,2700.00,1
2020-08-02,137.00,148.00,137.00,148.00,9.63,6820.00,991535.00,1
2020-08-03,150.00,162.00,150.00,162.00,9.46,2100.00,339810.00,1
2020-08-05,170.00,178.00,170.00,178.00,9.88,26483.00,4670194.00,1
2020-08-06,181.00,195.00,181.00,195.00,9.55,26932.00,5220823.00,1
2020-08-09,204.00,214.00,195.00,196.00,0.51,17229.00,3548770.00,1
2020-08-10,196.00,214.00,177.00,204.00,4.08,5220.00,964814.00,1
2020-08-11,200.00,200.00,184.00,184.00,-9.80,560.00,104320.00,-1
2020-08-12,175.00,184.00,166.00,176.00,-4.35,5336.00,912759.00,-1
2020-08-13,176.00,176.00,159.00,166.00,-5.68,13888.00,2267396.00,-1
2020-08-16,163.00,166.00,154.00,163.00,-1.81,3025.00,483550.00,-1
2020-08-17,166.00,169.00,157.00,160.00,-1.84,3081.00,494155.00,-1
2020-08-18,160.00,162.00,158.00,162.00,1.25,2685.00,426210.00,1
2020-08-19,163.00,163.00,159.00,160.00,-1.23,760.00,122460.00,-1
2020-08-20,163.00,163.00,159.00,162.00,1.25,1630.00,262610.00,1
2020-08-23,164.00,166.00,163.00,166.00,2.47,3700.00,611880.00,1
2020-08-24,168.00,174.00,168.00,174.00,4.82,7169.00,1229410.00,1
2020-08-25,177.00,191.00,174.00,174.00,0.00,9130.00,1641960.00,0
2020-08-26,177.00,188.00,177.00,187.00,7.47,6938.00,1283633.00,1
2020-08-27,190.00,192.00,182.00,182.00,-2.67,6751.00,1254052.00,-1
2020-08-30,179.00,181.00,179.00,179.00,-1.65,250.00,44890.00,-1
2020-08-31,182.00,188.00,178.00,183.00,2.23,2475.00,454683.00,1
2020-09-02,186.00,186.00,171.00,177.00,-3.28,4797.00,853901.00,-1
2020-09-03,175.00,181.00,170.00,181.00,2.26,4585.00,797609.00,1
2020-09-06,181.00,182.00,176.00,179.00,-1.10,5305.00,950550.00,-1
2020-09-07,177.00,177.00,170.00,173.00,-3.35,1794.00,308028.00,-1
2020-09-08,170.00,173.00,170.00,173.00,0.00,1545.00,263495.00,0
2020-09-09,170.00,177.00,170.00,172.00,-0.58,3246.00,566963.00,-1
2020-09-10,175.00,186.00,175.00,185.00,7.56,8425.00,1538620.00,1
2020-09-13,185.00,188.00,182.00,186.00,0.54,3905.00,720418.00,1
2020-09-14,195.00,196.00,188.00,188.00,1.08,10717.00,2047482.00,1
2020-09-15,191.00,206.00,190.00,195.00,3.72,12210.00,2427624.00,1
2020-09-16,204.00,204.00,189.00,190.00,-2.56,3084.00,594126.00,-1
2020-09-17,192.00,201.00,192.00,200.00,5.26,8811.00,1744653.00,1
2020-09-20,210.00,210.00,197.00,197.00,-1.50,9905.00,1987255.00,-1
2020-09-21,206.00,206.00,197.00,199.00,1.02,4614.00,922052.00,1
2020-09-22,200.00,202.00,196.00,197.00,-1.01,5617.00,1114350.00,-1
2020-09-23,197.00,201.00,197.00,199.00,1.02,4820.00,962477.00,1
2020-09-24,208.00,208.00,196.00,199.00,0.00,6749.00,1341141.00,0
2020-09-27,208.00,218.00,208.00,218.00,9.55,7485.00,1599626.00,1
2020-09-28,228.00,239.00,228.00,239.00,9.63,4031.00,958810.00,1
2020-09-29,250.00,262.00,250.00,262.00,9.62,27077.00,7077684.00,1
2020-09-30,275.00,288.00,236.00,244.00,-6.87,24152.00,6072651.00,-1
2020-10-01,240.00,251.00,240.00,240.00,-1.64,7205.00,1760395.00,-1
2020-10-04,236.00,248.00,221.00,238.00,-0.83,10947.00,2530865.00,-1
2020-10-05,240.00,261.00,238.00,260.00,9.24,25872.00,6502186.00,1
2020-10-06,273.00,286.00,273.00,286.00,10.00,12469.00,3555994.00,1
2020-10-07,300.00,314.00,300.00,312.00,9.09,25215.00,7795222.00,1
2020-10-08,327.00,327.00,292.00,300.00,-3.85,8451.00,2563805.00,-1
2020-10-11,300.00,300.00,270.00,282.00,-6.00,12770.00,3639235.00,-1
2020-10-12,268.00,290.00,268.00,277.00,-1.77,4935.00,1386543.00,-1
2020-10-13,280.00,284.00,272.00,277.00,0.00,7444.00,2068614.00,0
2020-10-14,290.00,304.00,290.00,304.00,9.75,14340.00,4355510.00,1
2020-10-15,319.00,334.00,319.00,334.00,9.87,19237.00,6413983.00,1
2020-10-18,350.00,366.00,308.00,313.00,-6.29,28079.00,9180157.00,-1
2020-10-19,319.00,323.00,308.00,323.00,3.19,20270.00,6364543.00,1
2020-10-20,339.00,339.00,313.00,317.00,-1.86,8827.00,2812427.00,-1
2020-10-21,322.00,322.00,300.00,301.00,-5.05,17120.00,5239037.00,-1
2020-10-22,193.00,208.00,193.00,208.00,9.86,5027.00,1045176.00,1
2020-10-28,218.00,228.00,218.00,228.00,9.62,635.00,144350.00,1
2020-10-29,239.00,250.00,239.00,250.00,9.65,2598.00,649290.00,1
2020-11-01,262.00,275.00,262.00,275.00,10.00,4643.00,1271055.00,1
2020-11-02,288.00,302.00,265.00,295.00,7.27,40210.00,11610813.00,1
2020-11-03,300.00,305.00,290.00,292.00,-1.02,10118.00,3013203.00,-1
2020-11-04,297.00,297.00,280.00,285.00,-2.40,4618.00,1315120.00,-1
2020-11-05,280.00,281.00,276.00,280.00,-1.75,3208.00,895735.00,-1
2020-11-08,275.00,275.00,265.00,270.00,-3.57,11528.00,3107097.00,-1
2020-11-09,275.00,280.00,274.00,274.00,1.48,3816.00,1054195.00,1
2020-11-10,275.00,275.00,272.00,275.00,0.36,2404.00,659988.00,1
2020-11-11,280.00,280.00,270.00,274.00,-0.36,1500.00,407170.00,-1
2020-11-12,273.00,273.00,269.00,271.00,-1.09,4062.00,1098255.00,-1
2020-11-18,271.00,272.00,267.00,271.00,0.00,2020.00,544927.00,0
2020-11-19,268.00,270.00,265.00,268.00,-1.11,4535.00,1213934.00,-1
2020-11-22,268.00,280.00,254.00,269.00,0.37,12445.00,3304732.00,1
2020-11-23,274.00,274.00,269.00,269.00,0.00,2737.00,736658.00,0
2020-11-24,273.00,273.00,265.00,265.00,-1.49,4161.00,1105915.00,-1
2020-11-25,263.00,268.00,260.00,262.00,-1.13,4463.00,1170477.00,-1
2020-11-26,263.00,263.00,260.00,260.00,-0.76,1973.00,515573.00,-1
2020-11-29,260.00,260.00,250.00,254.00,-2.31,6123.00,1554017.00,-1
2020-11-30,254.00,254.00,247.00,249.00,-1.97,2655.00,664235.00,-1
2020-12-01,247.00,248.00,240.00,247.00,-0.80,10475.00,2561770.00,-1
2020-12-02,248.00,248.00,243.00,243.00,-1.62,3880.00,950280.00,-1
2020-12-03,243.00,243.00,238.00,239.00,-1.65,5457.00,1310536.00,-1
2020-12-06,235.00,240.00,228.00,228.00,-4.60,3201.00,755040.00,-1
2020-12-07,229.00,240.00,225.00,239.00,4.82,2778.00,644225.00,1
2020-12-08,242.00,242.00,238.00,238.00,-0.42,1275.00,305430.00,-1
2020-12-09,234.00,238.00,226.00,230.00,-3.36,6409.00,1476638.00,-1
2020-12-10,234.00,242.00,226.00,230.00,0.00,2980.00,707880.00,0
2020-12-13,234.00,237.00,226.00,230.00,0.00,555.00,127240.00,0
2020-12-14,230.00,238.00,222.00,230.00,0.00,3276.00,743542.00,0
2020-12-15,234.00,234.00,227.00,229.00,-0.43,631.00,143537.00,-1
2020-12-16,227.00,231.00,217.00,225.00,-1.75,2708.00,610100.00,-1
2020-12-17,228.00,233.00,228.00,233.00,3.56,4214.00,970796.00,1
2020-12-20,236.00,236.00,218.00,218.00,-6.44,1915.00,423970.00,-1
2020-12-21,214.00,220.00,203.00,214.00,-1.83,2468.00,525597.00,-1
2020-12-22,214.00,214.00,209.00,214.00,0.00,2744.00,578296.00,0
2020-12-23,218.00,219.00,211.00,219.00,2.34,4603.00,978127.00,1
2020-12-24,217.00,217.00,212.00,213.00,-2.74,3919.00,838229.00,-1
2020-12-27,211.00,215.00,209.00,209.00,-1.88,1455.00,307865.00,-1
2020-12-28,213.00,213.00,199.00,206.00,-1.44,4808.00,976342.00,-1
2020-12-29,207.00,213.00,203.00,208.00,0.97,3182.00,660091.00,1
2020-12-30,208.00,210.00,203.00,207.00,-0.48,4280.00,879230.00,-1
2020-12-31,204.00,206.00,202.00,206.00,-0.48,2578.00,524897.00,-1
2021-01-03,202.00,216.00,202.00,216.00,4.85,2572.00,529007.00,1
2021-01-04,220.00,224.00,208.00,208.00,-3.70,1985.00,431470.00,-1
2021-01-05,210.00,219.00,210.00,216.00,3.85,2567.00,549832.00,1
2021-01-06,219.00,232.00,219.00,230.00,6.48,7705.00,1737037.00,1
2021-01-07,234.00,238.00,228.00,230.00,0.00,4981.00,1154866.00,0
2021-01-10,240.00,253.00,239.00,250.00,8.70,10419.00,2562323.00,1
2021-01-11,250.00,250.00,247.00,248.00,-0.80,6517.00,1616061.00,-1
2021-01-12,248.00,248.00,245.00,245.00,-1.21,7025.00,1728190.00,-1
2021-01-13,245.00,253.00,245.00,246.00,0.41,3592.00,896695.00,1
2021-01-17,248.00,248.00,244.00,246.00,0.00,3304.00,813539.00,0
2021-01-18,248.00,270.00,245.00,270.00,9.76,8001.00,2030500.00,1
2021-01-19,282.00,297.00,275.00,297.00,10.00,31142.00,9147826.00,1
2021-01-20,311.00,326.00,311.00,326.00,9.76,9121.00,2963186.00,1
2021-01-21,342.00,358.00,342.00,358.00,9.82,7495.00,2675954.00,1
2021-01-24,365.00,393.00,323.00,374.00,4.47,36619.00,12820869.00,1
2021-01-25,381.00,395.00,348.00,356.00,-4.81,15196.00,5362116.00,-1
2021-01-26,349.00,351.00,331.00,344.00,-3.37,15826.00,5413488.00,-1
2021-01-27,350.00,350.00,326.00,328.00,-4.65,5587.00,1857823.00,-1
2021-01-28,344.00,344.00,302.00,316.00,-3.66,16460.00,5264710.00,-1
2021-01-31,322.00,322.00,305.00,305.00,-3.48,9460.00,2952435.00,-1
2021-02-01,310.00,321.00,305.00,316.00,3.61,3674.00,1146894.00,1
2021-02-02,316.00,322.00,316.00,316.00,0.00,4026.00,1274896.00,0
2021-02-03,315.00,341.00,315.00,328.00,3.80,7278.00,2342476.00,1
2021-02-04,328.00,331.00,319.00,319.00,-2.74,5645.00,1840285.00,-1
2021-02-07,334.00,334.00,288.00,299.00,-6.27,117456.00,34650333.00,-1
2021-02-08,298.00,322.00,290.00,319.00,6.69,65137.00,19551932.00,1
2021-02-09,319.00,325.00,308.00,316.00,-0.94,22586.00,7057256.00,-1
2021-02-10,317.00,317.00,305.00,312.00,-1.27,24539.00,7638708.00,-1
2021-02-11,298.00,322.00,298.00,303.00,-2.88,34493.00,10519101.00,-1
2021-02-14,298.00,298.00,288.00,296.00,-2.31,22647.00,6661097.00,-1
2021-02-15,301.00,301.00,296.00,298.00,0.68,18892.00,5630036.00,1
2021-02-16,303.00,303.00,293.00,295.00,-1.01,8989.00,2661747.00,-1
2021-02-17,300.00,300.00,289.00,292.00,-1.02,25689.00,7476590.00,-1
2021-02-18,306.00,306.00,289.00,295.00,1.03,17655.00,5206557.00,1
2021-02-21,300.00,300.00,292.00,292.00,-1.02,16677.00,4908922.00,-1
2021-02-22,297.00,297.00,290.00,292.00,0.00,13865.00,4043288.00,0
2021-02-23,305.00,321.00,301.00,321.00,9.93,152620.00,48441233.00,1
2021-02-24,337.00,353.00,337.00,353.00,9.97,55385.00,19546477.00,1
2021-02-25,370.00,388.00,338.00,341.00,-3.40,87857.00,31066499.00,-1
2021-02-28,341.00,342.00,313.00,318.00,-6.74,60895.00,19570661.00,-1
2021-03-01,315.00,338.00,311.00,324.00,1.89,29535.00,9453396.00,1
2021-03-02,324.00,328.00,305.00,313.00,-3.40,18499.00,5806825.00,-1
2021-03-03,313.00,319.00,300.00,315.00,0.64,14382.00,4470368.00,1
2021-03-04,321.00,327.00,312.00,320.00,1.59,5876.00,1870648.00,1
2021-03-07,320.00,340.00,313.00,324.00,1.25,20376.00,6523420.00,1
2021-03-09,322.00,322.00,314.00,316.00,-2.47,13780.00,4361051.00,-1
2021-03-10,331.00,331.00,307.00,310.00,-1.90,15497.00,4825915.00,-1
2021-03-14,316.00,321.00,300.00,306.00,-1.29,12201.00,3698733.00,-1
2021-03-15,312.00,312.00,296.00,308.00,0.65,10567.00,3206528.00,1
2021-03-16,309.00,313.00,299.00,304.00,-1.30,6940.00,2102902.00,-1
2021-03-17,319.00,319.00,302.00,308.00,1.32,9298.00,2871171.00,1
2021-03-18,308.00,314.00,305.00,312.00,1.30,6316.00,1959257.00,1
2021-03-21,317.00,317.00,307.00,309.00,-0.96,8002.00,2466516.00,-1
2021-03-22,313.00,313.00,303.00,304.00,-1.62,14339.00,4370505.00,-1
2021-03-23,304.00,307.00,304.00,307.00,0.99,5777.00,1767190.00,1
2021-03-24,313.00,313.00,304.00,308.00,0.33,14401.00,4412813.00,1
2021-03-25,310.00,310.00,304.00,307.00,-0.32,10580.00,3234497.00,-1
2021-03-29,305.00,308.00,303.00,305.00,-0.65,7910.00,2421575.00,-1
2021-03-30,302.00,308.00,302.00,306.00,0.33,12808.00,3901132.00,1
2021-03-31,310.00,312.00,304.00,307.00,0.33,11329.00,3484979.00,1
2021-04-01,310.00,325.00,308.00,317.00,3.26,30706.00,9655841.00,1
2021-04-04,323.00,323.00,311.00,317.00,0.00,7603.00,2395390.00,0
2021-04-05,304.00,322.00,304.00,311.00,-1.89,14371.00,4535876.00,-1
2021-04-06,317.00,317.00,306.00,311.00,0.00,10684.00,3295047.00,0
2021-04-07,306.00,315.00,306.00,309.00,-0.64,8720.00,2713396.00,-1
2021-04-08,315.00,321.00,312.00,313.00,1.29,26591.00,8426935.00,1
2021-04-12,319.00,325.00,315.00,315.00,0.64,18761.00,5970173.00,1
2021-04-13,316.00,321.00,310.00,312.00,-0.95,7360.00,2304547.00,-1
2021-04-15,308.00,318.00,306.00,314.00,0.64,16033.00,4986515.00,1
2021-04-18,315.00,316.00,306.00,309.00,-1.59,15312.00,4737787.00,-1
2021-04-19,308.00,312.00,305.00,305.00,-1.29,12222.00,3764031.00,-1
2021-04-20,308.00,314.00,303.00,306.00,0.33,11229.00,3439964.00,1
2021-04-21,311.00,311.00,304.00,304.00,-0.65,11794.00,3605256.00,-1
2021-04-22,302.00,308.00,302.00,304.00,0.00,12410.00,3796117.00,0
2021-04-25,302.00,306.00,295.00,299.00,-1.64,19299.00,5767029.00,-1
2021-04-26,295.00,295.00,288.00,294.00,-1.67,24031.00,7007273.00,-1
2021-04-27,290.00,305.00,290.00,305.00,3.74,5279.00,1577265.00,1
2021-04-28,300.00,305.00,299.00,300.00,-1.64,4328.00,1302110.00,-1
2021-04-29,300.00,300.00,298.00,300.00,0.00,4415.00,1321606.00,0
2021-05-02,300.00,306.00,300.00,301.00,0.33,6628.00,2008860.00,1
2021-05-03,316.00,316.00,304.00,304.00,1.00,22383.00,6941498.00,1
2021-05-04,301.00,310.00,301.00,306.00,0.66,2363.00,724480.00,1
2021-05-05,316.00,316.00,304.00,305.00,-0.33,7257.00,2211889.00,-1
2021-05-06,320.00,320.00,302.00,305.00,0.00,14700.00,4493991.00,0
2021-05-09,320.00,320.00,298.00,298.00,-2.30,13166.00,3964412.00,-1
2021-05-10,303.00,307.00,297.00,306.00,2.68,22807.00,6890244.00,1
2021-05-11,306.00,308.00,304.00,306.00,0.00,3304.00,1009459.00,0
2021-05-12,308.00,317.00,304.00,310.00,1.31,21845.00,6792166.00,1
2021-05-13,311.00,334.00,311.00,325.00,4.84,91596.00,29415781.00,1
2021-05-16,330.00,345.00,318.00,329.00,1.23,40332.00,13284729.00,1
2021-05-17,345.00,361.00,328.00,361.00,9.73,130612.00,45305991.00,1
2021-05-18,379.00,397.00,379.00,397.00,9.97,33659.00,13294283.00,1
2021-05-19,416.00,436.00,373.00,436.00,9.82,270172.00,113917923.00,1
2021-05-20,450.00,450.00,406.00,439.00,0.69,135803.00,58224005.00,1
2021-05-23,435.00,444.00,408.00,433.00,-1.37,89795.00,39117469.00,-1
2021-05-24,440.00,440.00,410.00,420.00,-3.00,63221.00,26482117.00,-1
2021-05-25,441.00,441.00,406.00,409.00,-2.62,48633.00,19993925.00,-1
2021-05-27,409.00,434.00,395.00,416.00,1.71,43295.00,17925436.00,1
2021-05-30,424.00,430.00,408.00,418.00,0.48,59234.00,24844448.00,1
2021-05-31,424.00,424.00,395.00,398.00,-4.78,42720.00,17337572.00,-1
2021-06-01,400.00,405.00,391.00,399.00,0.25,22621.00,9018414.00,1
2021-06-02,395.00,427.00,395.00,425.00,6.52,65247.00,27384652.00,1
2021-06-03,425.00,458.00,424.00,426.00,0.24,113472.00,49880561.00,1
2021-06-06,425.00,430.00,406.00,412.00,-3.29,32270.00,13439965.00,-1
2021-06-07,415.00,440.00,415.00,434.00,5.34,65238.00,28294178.00,1
2021-06-08,440.00,477.00,440.00,477.00,9.91,99238.00,46552160.00,1
2021-06-09,477.00,495.00,449.00,460.00,-3.56,98970.00,46008711.00,-1
2021-06-10,460.00,469.00,440.00,466.00,1.30,69701.00,31812201.00,1
2021-06-13,475.00,512.00,466.00,512.00,9.87,127453.00,63007984.00,1
2021-06-14,520.00,555.00,498.00,504.00,-1.56,66185.00,34148119.00,-1
2021-06-15,505.00,505.00,472.00,474.00,-5.95,56878.00,27661590.00,-1
2021-06-16,470.00,470.00,427.00,428.00,-9.70,58637.00,25991994.00,-1
2021-06-17,428.00,460.00,412.00,452.00,5.61,54914.00,24320647.00,1
2021-06-20,455.00,469.00,414.00,432.00,-4.42,31113.00,13507529.00,-1
2021-06-21,411.00,450.00,411.00,424.00,-1.85,28013.00,11955251.00,-1
2021-06-22,430.00,458.00,415.00,456.00,7.55,18765.00,8290502.00,1
2021-06-23,447.00,452.00,427.00,431.00,-5.48,22055.00,9692644.00,-1
2021-06-24,431.00,441.00,423.00,436.00,1.16,18826.00,8151917.00,1
2021-06-27,440.00,444.00,428.00,441.00,1.15,26879.00,11779058.00,1
2021-06-28,449.00,457.00,439.00,445.00,0.91,36061.00,15960749.00,1
2021-06-29,453.00,453.00,435.00,436.00,-2.02,25504.00,11177481.00,-1
2021-06-30,443.00,479.00,428.00,479.00,9.86,101682.00,46929619.00,1
2021-07-01,502.00,502.00,471.00,472.00,-1.46,45012.00,21717214.00,-1
2021-07-04,477.00,499.00,461.00,491.00,4.03,90689.00,43679009.00,1
2021-07-05,500.00,530.00,492.00,500.00,1.83,82797.00,42153355.00,1
2021-07-06,510.00,511.00,491.00,496.00,-0.80,34298.00,17175941.00,-1
2021-07-07,490.00,500.00,486.00,489.00,-1.41,17633.00,8671606.00,-1
2021-07-08,481.00,497.00,481.00,492.00,0.61,27712.00,13566096.00,1
2021-07-11,480.00,539.00,480.00,528.00,7.32,57672.00,29846292.00,1
2021-07-12,535.00,550.00,499.00,509.00,-3.60,80904.00,41399360.00,-1
2021-07-13,509.00,535.00,505.00,519.00,1.96,33046.00,17117336.00,1
2021-07-14,521.00,565.00,511.00,559.00,7.71,122411.00,66333607.00,1
2021-07-15,568.00,580.00,547.00,570.00,1.97,63488.00,35803462.00,1
2021-07-18,578.00,626.00,570.00,609.00,6.84,130264.00,78016089.90,1
2021-07-19,620.00,621.00,586.30,599.00,-1.64,70718.00,42522211.60,-1
2021-07-20,587.10,598.00,585.00,587.00,-2.00,46448.00,27361708.00,-1
2021-07-22,580.00,598.00,570.00,575.00,-2.04,101994.00,58773707.00,-1
2021-07-25,565.00,605.00,565.00,584.00,1.57,52276.00,30325042.50,1
2021-07-26,576.00,597.00,576.00,584.00,0.00,35722.00,20903676.00,0
2021-07-27,575.00,610.00,572.40,582.00,-0.34,37689.00,22175821.70,-1
2021-07-28,593.00,640.00,591.00,620.00,6.53,89463.00,54402579.70,1
2021-07-29,632.40,641.00,619.80,631.00,1.77,51926.00,32632276.00,1
2021-08-01,631.00,650.00,613.00,650.00,3.01,84674.00,53472471.40,1
2021-08-02,663.00,680.00,635.10,665.00,2.31,50322.00,33572253.40,1
2021-08-03,675.00,675.00,640.00,655.00,-1.50,37155.00,24244934.00,-1
2021-08-04,642.10,660.00,640.00,655.00,0.00,33158.00,21546019.10,0
2021-08-05,660.00,720.50,660.00,720.50,10.00,177166.00,124921229.80,1
2021-08-08,734.00,792.50,734.00,785.00,8.95,128638.00,101248982.00,1
2021-08-09,800.00,800.00,755.00,765.00,-2.55,130541.00,100173577.60,-1
2021-08-10,779.00,804.30,765.00,766.00,0.13,99888.00,78058612.40,1
2021-08-11,775.00,785.00,740.00,751.00,-1.96,60050.00,45222470.90,-1
2021-08-12,741.00,806.00,740.00,790.00,5.19,138581.00,107272993.40,1
2021-08-15,790.00,790.00,719.40,766.00,-3.04,88528.00,66990005.40,-1
2021-08-16,781.30,796.90,742.00,747.00,-2.48,45626.00,34555469.60,-1
2021-08-17,761.90,763.00,730.00,750.00,0.40,45528.00,33961893.00,1
2021-08-18,765.00,780.00,750.00,765.00,2.00,78375.00,60377624.00,1
2021-08-19,780.00,780.00,740.00,740.00,-3.27,36259.00,27671004.50,-1
2021-08-24,742.00,771.00,715.00,737.00,-0.41,32290.00,23956391.20,-1
2021-08-25,737.00,740.00,686.00,696.00,-5.56,53494.00,37735336.00,-1
2021-08-26,685.00,745.60,685.00,723.00,3.88,64582.00,46345927.10,1
2021-08-29,737.40,760.00,726.00,728.00,0.69,83197.00,61824511.40,1
2021-08-31,730.00,730.00,695.00,705.00,-3.16,31241.00,22072117.10,-1
2021-09-01,700.00,724.00,690.00,690.00,-2.13,21967.00,15355640.70,-1
2021-09-02,700.00,703.80,635.40,664.00,-3.77,36652.00,24484193.50,-1
2021-09-05,650.80,650.80,597.60,597.60,-10.00,36128.00,22083892.50,-1
2021-09-06,592.00,653.00,565.00,650.00,8.77,35740.00,21980297.90,1
2021-09-07,663.00,674.20,621.00,629.00,-3.23,34976.00,22385912.00,-1
2021-09-08,620.00,624.00,594.90,600.00,-4.61,28920.00,17525647.00,-1
2021-09-09,601.00,630.30,596.00,621.00,3.50,26550.00,16268862.20,1
2021-09-12,633.40,664.00,625.00,658.00,5.96,40598.00,26159293.20,1
2021-09-13,670.00,688.00,646.80,659.00,0.15,41545.00,27932101.10,1
2021-09-14,660.00,670.00,622.30,649.80,-1.40,26211.00,16855023.70,-1
2021-09-15,662.70,662.70,627.00,627.00,-3.51,23392.00,14824697.00,-1
2021-09-16,615.10,620.00,592.00,599.00,-4.47,40866.00,24586321.60,-1
2021-09-20,610.90,610.90,539.10,540.00,-9.85,33700.00,18739722.10,-1
2021-09-21,530.00,572.00,500.00,540.00,0.00,28468.00,15419541.50,0
2021-09-22,550.00,591.00,540.10,583.00,7.96,34156.00,19518050.50,1
2021-09-23,593.00,596.10,549.00,560.00,-3.95,47389.00,26810602.00,-1
2021-09-26,550.00,571.20,517.00,529.90,-5.38,12640.00,6839289.50,-1
2021-09-27,535.00,535.00,482.20,489.00,-7.72,28199.00,14089360.80,-1
2021-09-28,491.00,493.90,440.10,445.90,-8.81,26972.00,12306734.00,-1
2021-09-29,450.00,482.00,417.00,480.00,7.65,23255.00,10614274.00,1
2021-09-30,489.60,528.00,489.60,528.00,10.00,74319.00,38991739.50,1
2021-10-03,538.40,549.00,491.10,500.00,-5.30,29127.00,15233174.70,-1
2021-10-04,492.00,514.50,481.00,490.00,-2.00,14152.00,7008294.40,-1
2021-10-05,499.80,508.00,495.00,502.00,2.45,10773.00,5400908.50,1
2021-10-06,512.00,538.00,502.00,526.00,4.78,18725.00,9802184.50,1
2021-10-10,526.00,545.00,500.00,519.00,-1.33,22038.00,11531575.00,-1
2021-10-11,529.00,529.00,500.00,508.00,-2.12,8020.00,4058510.20,-1
2021-10-17,518.10,518.10,500.00,515.00,1.38,3015.00,1534166.00,1
2021-10-18,510.00,510.00,486.00,486.00,-5.63,12834.00,6352818.00,-1
2021-10-19,477.00,485.90,451.00,465.00,-4.32,14322.00,6631333.10,-1
2021-10-20,474.00,502.00,469.00,501.00,7.74,14643.00,7149635.00,1
2021-10-21,511.00,520.00,480.10,499.00,-0.40,11692.00,5776438.30,-1
2021-10-24,508.90,542.00,500.00,530.00,6.21,32542.00,16977347.10,1
2021-10-25,539.00,582.00,539.00,569.00,7.36,31083.00,17364536.70,1
2021-10-26,580.00,600.00,579.00,590.00,3.69,19453.00,11476641.90,1
2021-10-27,595.00,605.00,560.00,594.00,0.68,38217.00,22679445.50,1
2021-10-28,605.00,605.00,569.60,588.00,-1.01,25442.00,15055843.80,-1
2021-10-31,588.00,625.00,581.00,615.00,4.59,25614.00,15478855.20,1
2021-11-01,624.90,624.90,588.10,590.00,-4.07,27687.00,16634908.50,-1
2021-11-02,580.00,601.00,567.10,599.00,1.53,20176.00,11765314.50,1
2021-11-03,610.00,612.00,587.20,591.00,-1.34,20634.00,12369303.90,-1
2021-11-08,592.00,615.00,592.00,600.00,1.52,18373.00,11102945.80,1
2021-11-09,612.00,612.00,575.00,584.00,-2.67,26713.00,15711803.00,-1
2021-11-11,575.00,584.00,565.00,565.00,-3.25,32003.00,18294046.20,-1
2021-11-14,564.00,587.00,561.00,570.00,0.88,13673.00,7887036.00,1
2021-11-15,581.00,594.90,581.00,587.00,2.98,17200.00,10117609.40,1
2021-11-16,590.00,632.40,578.00,620.00,5.62,22636.00,13566550.20,1
2021-11-17,632.00,636.00,611.10,611.10,-1.44,26856.00,16793417.70,-1
2021-11-18,599.00,620.00,590.00,593.00,-2.96,16478.00,9874325.50,-1
2021-11-21,581.20,616.00,581.20,599.00,1.01,13072.00,7828776.20,1
2021-11-22,600.00,602.00,585.00,594.50,-0.75,11910.00,7043942.90,-1
2021-11-23,594.00,605.00,566.00,579.00,-2.61,19608.00,11316387.10,-1
2021-11-24,567.70,597.00,560.00,580.00,0.17,12398.00,7140098.50,1
2021-11-25,590.00,623.00,571.00,596.00,2.76,27980.00,16753233.30,1
2021-11-28,584.10,595.70,563.00,584.00,-2.01,17090.00,9895865.60,-1
2021-11-29,585.00,610.00,576.30,585.00,0.17,45000.00,26741988.90,1
2021-11-30,595.00,596.70,572.00,583.00,-0.34,23822.00,13874186.90,-1
2021-12-01,594.00,605.00,586.50,595.00,2.06,29988.00,17931567.70,1
2021-12-02,604.90,605.00,575.00,579.90,-2.54,19981.00,11685835.70,-1
2021-12-05,569.00,580.00,550.00,555.00,-4.29,22934.00,12854703.40,-1
2021-12-06,562.50,592.00,529.20,564.90,1.78,19180.00,10687325.90,1
2021-12-07,576.10,580.00,540.00,542.00,-4.05,21276.00,11849574.20,-1
2021-12-08,535.00,549.00,508.00,513.00,-5.35,19690.00,10299135.00,-1
2021-12-09,522.00,522.00,500.10,513.00,0.00,11767.00,5998356.30,0
2021-12-12,513.00,513.00,489.00,489.50,-4.58,14765.00,7331498.10,-1
2021-12-13,479.80,489.40,458.00,458.00,-6.44,20995.00,9789481.30,-1
2021-12-14,460.00,503.80,460.00,503.80,10.00,13407.00,6504299.00,1
2021-12-15,513.00,534.40,490.00,511.00,1.43,29068.00,14985572.50,1
2021-12-16,511.00,511.00,490.00,490.00,-4.11,11148.00,5554721.00,-1
2021-12-20,499.00,499.00,470.90,470.90,-3.90,6454.00,3088335.50,-1
2021-12-21,475.00,489.00,472.00,486.00,3.21,8638.00,4168096.50,1
2021-12-22,495.00,518.00,490.00,515.90,6.15,17164.00,8739036.80,1
2021-12-23,516.00,524.80,501.90,510.00,-1.14,17983.00,9259165.40,-1
2021-12-26,515.00,520.20,505.00,515.00,0.98,16176.00,8296799.00,1
2021-12-27,508.00,515.00,480.00,480.00,-6.80,13901.00,6908513.80,-1
2021-12-28,471.00,497.00,470.50,495.00,3.13,27960.00,13600182.60,1
2021-12-29,490.00,524.00,490.00,498.00,0.61,13278.00,6671022.60,1
2022-01-02,498.00,507.00,490.00,499.00,0.20,8665.00,4295620.50,1
2022-01-03,506.90,515.10,495.00,498.80,-0.04,16846.00,8487298.70,-1
2022-01-04,508.00,523.00,500.00,522.00,4.65,20695.00,10646225.00,1
2022-01-05,529.30,542.00,518.50,523.00,0.19,26880.00,14180024.30,1
2022-01-06,532.00,575.30,519.00,575.30,10.00,47484.00,26282736.40,1
2022-01-09,586.80,615.00,577.00,615.00,6.90,92274.00,55402827.80,1
2022-01-10,627.00,635.00,610.00,630.00,2.44,72603.00,45042849.80,1
2022-01-11,630.00,693.00,620.00,693.00,10.00,102275.00,68862503.50,1
2022-01-12,693.00,720.00,669.00,680.00,-1.88,80437.00,55918189.00,-1
2022-01-13,690.00,703.00,670.00,702.00,3.24,53972.00,37120577.80,1
2022-01-16,715.00,729.00,688.00,695.00,-1.00,59695.00,41811480.80,-1
2022-01-17,708.90,730.00,690.00,720.00,3.60,88570.00,63082914.90,1
2022-01-18,734.40,734.40,695.00,716.00,-0.56,39987.00,28529262.40,-1
2022-01-19,720.00,720.00,690.00,693.00,-3.21,45127.00,31509980.90,-1
2022-01-20,706.80,715.00,683.10,715.00,3.17,51733.00,36323523.30,1
2022-01-23,720.00,731.00,703.00,706.00,-1.26,49776.00,35564771.70,-1
2022-01-24,720.00,720.00,680.30,686.00,-2.83,84193.00,58180630.80,-1
2022-01-25,672.30,699.90,672.30,682.00,-0.58,34579.00,23819806.50,-1
2022-01-26,680.00,691.00,670.50,677.00,-0.73,33154.00,22531678.60,-1
2022-01-27,690.50,690.50,673.00,678.00,0.15,13210.00,8971976.30,1
2022-01-30,691.50,737.00,685.00,730.00,7.67,103676.00,73933172.60,1
2022-01-31,725.00,735.00,710.00,730.00,0.00,67926.00,49116762.40,0
2022-02-01,720.00,739.90,715.40,735.00,0.68,50055.00,36673240.80,1
2022-02-03,735.00,760.00,722.00,744.60,1.31,64924.00,47616594.60,1
2022-02-06,750.00,750.00,707.00,715.00,-3.98,40059.00,28727615.80,-1
2022-02-07,710.00,726.00,710.00,715.00,0.00,45993.00,33022140.00,0
2022-02-08,729.30,743.80,700.00,701.00,-1.96,30524.00,21769324.50,-1
2022-02-09,690.00,710.00,685.00,710.00,1.28,27273.00,18918780.50,1
2022-02-10,696.30,708.00,688.00,688.00,-3.10,13440.00,9331433.00,-1
2022-02-13,680.00,680.00,652.00,670.00,-2.62,40622.00,27146647.00,-1
2022-02-14,670.00,685.00,666.00,670.00,0.00,17574.00,11825845.00,0
2022-02-15,666.00,698.70,666.00,690.00,2.99,13111.00,8990911.00,1
2022-02-16,702.00,702.00,673.00,680.00,-1.45,8684.00,5904180.50,-1
2022-02-17,681.00,690.00,666.00,670.00,-1.47,14306.00,9634044.70,-1
2022-02-20,660.00,719.00,646.80,698.00,4.18,57738.00,39759320.40,1
2022-02-21,690.00,718.80,684.10,715.00,2.44,33566.00,23707129.90,1
2022-02-22,719.00,719.00,705.00,714.90,-0.01,21082.00,15029391.30,-1
2022-02-23,715.00,717.90,688.00,689.00,-3.62,12916.00,8981211.50,-1
2022-02-24,702.70,702.70,668.00,670.00,-2.76,28068.00,19119331.00,-1
2022-02-27,680.00,694.00,667.10,675.00,0.75,15780.00,10657750.50,1
2022-02-28,676.00,680.00,659.70,660.00,-2.22,12643.00,8421234.10,-1
2022-03-02,651.10,665.00,630.00,638.00,-3.33,30695.00,19601487.90,-1
2022-03-06,640.00,650.00,628.00,638.00,0.00,11275.00,7152025.20,0
2022-03-07,649.00,649.00,621.10,640.00,0.31,12161.00,7667660.30,1
2022-03-09,640.00,640.00,615.00,621.00,-2.97,16519.00,10319828.60,-1
2022-03-10,610.10,649.90,610.10,647.00,4.19,19943.00,12685934.60,1
2022-03-13,655.00,678.40,652.00,675.00,4.33,41963.00,28031134.80,1
2022-03-14,670.00,678.00,660.00,673.90,-0.16,7570.00,5066102.00,-1
2022-03-15,687.00,687.00,655.00,669.00,-0.73,21117.00,14025147.90,-1
2022-03-16,669.00,695.00,665.10,688.00,2.84,28035.00,19058696.80,1
2022-03-20,674.30,687.70,663.00,669.00,-2.76,18920.00,12702175.70,-1
2022-03-21,679.00,680.00,660.00,675.00,0.90,17728.00,11841973.30,1
2022-03-22,675.00,687.00,667.00,667.00,-1.19,15923.00,10783029.50,-1
2022-03-23,680.00,680.00,654.00,664.00,-0.45,65236.00,43296729.00,-1
2022-03-24,677.20,677.20,633.00,633.00,-4.67,44710.00,28999036.90,-1
2022-03-27,645.00,645.00,610.00,611.00,-3.48,21195.00,13206460.40,-1
2022-03-28,602.00,623.20,602.00,612.00,0.16,14516.00,8892225.00,1
2022-03-29,623.00,623.00,600.00,605.00,-1.14,10108.00,6133934.90,-1
2022-03-30,597.10,617.00,585.00,600.10,-0.81,35352.00,21208934.40,-1
2022-03-31,592.00,614.00,592.00,611.00,1.82,20810.00,12552638.20,1
2022-04-03,615.00,615.00,596.00,598.00,-2.13,8374.00,5021376.00,-1
2022-04-04,593.00,602.00,587.30,590.00,-1.34,4999.00,2961798.70,-1
2022-04-05,595.00,595.00,566.00,569.00,-3.56,16781.00,9630862.60,-1
2022-04-06,558.00,568.00,550.00,560.00,-1.58,14112.00,7900885.80,-1
2022-04-07,565.00,572.00,558.00,559.00,-0.18,11726.00,6578442.40,-1
2022-04-11,570.10,581.50,550.10,550.50,-1.52,7614.00,4291748.00,-1
2022-04-12,540.20,551.00,520.00,529.00,-3.91,12712.00,6765301.90,-1
2022-04-13,530.00,535.00,513.00,527.00,-0.38,13568.00,7143297.50,-1
2022-04-17,530.00,530.00,508.70,510.10,-3.21,7721.00,3987562.10,-1
2022-04-18,510.10,511.00,484.20,485.60,-4.80,25396.00,12610996.00,-1
2022-04-19,494.80,495.00,477.00,487.20,0.33,22709.00,11075326.50,1
2022-04-20,495.90,495.90,460.00,460.00,-5.58,7127.00,3374643.00,-1
2022-04-21,451.00,452.00,425.00,445.00,-3.26,74793.00,32448240.70,-1
2022-04-24,453.00,489.50,445.90,479.00,7.64,23511.00,10983177.60,1
2022-04-25,485.00,485.00,462.00,465.00,-2.92,21593.00,10171135.70,-1
2022-04-26,465.00,480.10,464.00,469.00,0.86,15425.00,7219288.50,1
2022-04-27,478.00,505.80,475.00,501.00,6.82,68188.00,33602644.10,1
2022-04-28,511.00,527.00,507.00,510.00,1.80,58933.00,30420840.00,1
2022-05-02,510.00,514.00,459.00,459.00,-10.00,84800.00,40518260.70,-1
2022-05-04,317.00,340.00,313.00,317.00,1.87,35756.00,11432418.90,1
2022-05-05,317.00,317.00,295.00,298.00,-5.99,13648.00,4149865.00,-1
2022-05-08,303.00,303.00,290.10,295.00,-1.01,18500.00,5453471.10,-1
2022-05-09,298.00,309.80,295.00,298.00,1.02,28332.00,8553620.40,1
2022-05-10,303.00,305.90,294.00,303.00,1.68,22288.00,6678776.20,1
2022-05-11,309.00,333.30,300.00,333.30,10.00,34379.00,10834470.10,1
2022-05-12,339.90,366.60,334.00,343.00,2.91,53290.00,18653855.70,1
2022-05-17,337.00,338.00,318.00,318.00,-7.29,20364.00,6635177.70,-1
2022-05-18,311.70,336.00,301.00,325.00,2.20,14945.00,4733434.80,1
2022-05-19,331.00,335.00,317.00,320.00,-1.54,10388.00,3377027.00,-1
2022-05-20,326.00,329.90,310.00,311.00,-2.81,8941.00,2816345.50,-1
2022-05-23,317.00,317.20,306.00,309.00,-0.64,9232.00,2852099.40,-1
2022-05-24,303.00,317.00,303.00,310.00,0.32,8462.00,2640231.80,1
2022-05-25,310.00,318.00,303.00,308.10,-0.61,8428.00,2624882.80,-1
2022-05-26,314.00,317.00,305.00,312.00,1.27,6995.00,2183600.00,1
2022-05-27,316.00,316.00,303.00,304.00,-2.56,9804.00,2999165.40,-1
2022-05-30,308.00,308.00,296.10,301.90,-0.69,13786.00,4151047.00,-1
2022-05-31,296.00,301.50,290.00,296.00,-1.95,13664.00,4045387.90,-1
2022-06-01,300.00,306.00,294.00,296.00,0.00,11451.00,3410521.20,0
2022-06-02,299.00,307.00,295.20,296.00,0.00,6152.00,1835356.60,0
2022-06-03,299.00,299.00,290.00,294.00,-0.68,7062.00,2071776.00,-1
2022-06-06,297.00,304.90,288.50,295.00,0.34,13213.00,3912825.00,1
2022-06-07,295.10,298.00,283.30,283.30,-3.97,5113.00,1479664.80,-1
2022-06-08,287.00,301.00,277.00,296.00,4.48,12321.00,3603469.80,1
2022-06-09,300.00,303.00,283.40,285.00,-3.72,13388.00,3898668.10,-1
2022-06-10,280.00,288.00,274.00,285.60,0.21,6198.00,1742874.00,1
2022-06-13,280.10,285.00,276.50,276.50,-3.19,5670.00,1601924.50,-1
2022-06-14,275.00,275.00,269.00,275.00,-0.54,4851.00,1312998.00,-1
2022-06-15,276.00,276.00,264.60,267.20,-2.84,4817.00,1294783.60,-1
2022-06-16,262.00,282.00,262.00,268.00,0.30,3650.00,988974.50,1
2022-06-17,273.00,273.00,263.00,265.20,-1.04,2069.00,549447.20,-1
2022-06-19,260.00,260.00,250.00,254.50,-4.03,5634.00,1433527.10,-1
2022-06-20,250.00,255.00,236.20,237.20,-6.80,8847.00,2144492.40,-1
2022-06-21,240.00,250.00,240.00,248.00,4.55,9050.00,2229106.60,1
2022-06-22,252.00,252.00,240.00,244.00,-1.61,7746.00,1885122.50,-1
2022-06-23,239.20,239.20,227.10,229.50,-5.94,3466.00,794425.90,-1
2022-06-24,225.00,241.00,213.30,231.00,0.65,7733.00,1761165.80,1
2022-06-26,234.00,254.10,234.00,250.00,8.23,16777.00,4161517.50,1
2022-06-27,250.00,265.30,236.50,241.00,-3.60,16440.00,4105066.60,-1
2022-06-28,240.00,240.00,235.00,235.00,-2.49,6398.00,1515978.30,-1
2022-06-29,236.00,250.00,233.00,249.00,5.96,6421.00,1564821.50,1
2022-06-30,253.00,273.90,244.10,273.90,10.00,16973.00,4535230.90,1
2022-07-01,279.00,300.00,255.10,295.00,7.70,35780.00,10411231.50,1
2022-07-03,300.90,315.00,299.00,314.90,6.75,29768.00,9158996.30,1
2022-07-04,315.00,334.50,305.00,308.00,-2.19,47004.00,14994289.10,-1
2022-07-05,302.00,317.30,290.00,291.00,-5.52,18956.00,5742697.90,-1
2022-07-06,287.00,313.00,280.00,300.30,3.20,20885.00,6162415.20,1
2022-07-07,304.00,314.00,295.00,296.00,-1.43,11894.00,3596979.60,-1
2022-07-08,292.10,296.00,285.00,287.00,-3.04,6429.00,1855515.00,-1
2022-07-11,281.30,286.00,266.00,268.00,-6.62,20088.00,5456271.50,-1
2022-07-12,273.00,285.00,265.00,277.00,3.36,13960.00,3836462.40,1
2022-07-13,282.00,304.70,272.00,304.70,10.00,21213.00,6244959.80,1
2022-07-14,308.00,317.00,295.10,304.90,0.07,19265.00,5927706.60,1
2022-07-15,303.00,307.00,294.00,300.80,-1.34,10211.00,3057278.60,-1
2022-07-17,300.00,306.00,297.10,298.00,-0.93,8422.00,2522844.40,-1
2022-07-18,298.00,309.00,290.00,306.00,2.68,12686.00,3814243.60,1
2022-07-19,307.00,315.90,306.10,308.00,0.65,16208.00,5031576.50,1
2022-07-20,305.10,318.00,301.90,312.00,1.30,17678.00,5503764.90,1
2022-07-21,315.00,315.00,300.00,310.00,-0.64,11582.00,3588909.10,-1
2022-07-22,315.00,316.00,296.00,297.50,-4.03,12974.00,3916450.10,-1
2022-07-24,303.00,319.10,303.00,319.10,7.26,22645.00,7090779.10,1
2022-07-25,322.20,344.10,322.20,341.00,6.86,45560.00,15341878.80,1
2022-07-26,345.00,347.00,323.50,325.00,-4.69,37164.00,12392109.90,-1
2022-07-27,320.00,355.80,316.00,346.00,6.46,33381.00,11053174.10,1
2022-07-28,347.00,362.00,337.00,354.00,2.31,46184.00,16359879.00,1
2022-07-29,361.00,361.00,341.00,349.00,-1.41,18476.00,6483743.50,-1
2022-07-31,350.00,350.00,338.30,341.00,-2.29,37372.00,12855736.40,-1
2022-08-01,340.00,346.00,324.00,339.90,-0.32,29310.00,9919432.40,-1
2022-08-02,333.20,352.00,314.10,343.10,0.94,216809.00,71510209.20,1
2022-08-03,349.00,349.00,335.20,343.70,0.17,95363.00,32665582.70,1
2022-08-04,336.90,347.90,331.30,334.00,-2.82,38566.00,12937318.30,-1
2022-08-05,328.00,339.00,315.10,317.00,-5.09,67465.00,21745356.50,-1
2022-08-07,310.70,332.00,310.70,321.40,1.39,51964.00,16742940.50,1
2022-08-08,322.00,327.80,312.70,318.00,-1.06,36417.00,11654843.50,-1
2022-08-09,312.10,322.00,304.00,304.00,-4.40,54852.00,16950244.90,-1
2022-08-10,303.00,313.00,298.00,306.00,0.66,50415.00,15294864.90,1
2022-08-11,306.00,311.80,292.50,295.00,-3.59,26644.00,8016685.00,-1
2022-08-14,295.00,300.90,291.10,292.00,-1.02,25590.00,7554334.90,-1
2022-08-15,292.00,313.10,288.00,311.10,6.54,53331.00,16184490.20,1
2022-08-16,315.00,319.00,295.00,296.00,-4.85,44930.00,13704817.70,-1
2022-08-17,296.00,308.00,294.00,301.90,1.99,27517.00,8276667.00,1
2022-08-18,305.00,312.80,302.00,308.00,2.02,35086.00,10800355.30,1
2022-08-21,314.00,317.00,300.00,302.10,-1.92,34346.00,10643729.20,-1
2022-08-22,300.00,308.20,296.20,306.00,1.29,29431.00,8939610.60,1
2022-08-23,306.00,307.00,302.00,304.00,-0.65,11441.00,3481072.60,-1
2022-08-24,309.00,309.00,300.00,303.00,-0.33,17227.00,5209756.90,-1
2022-08-25,303.00,307.00,295.10,298.00,-1.65,26501.00,7962177.20,-1
2022-08-26,297.90,298.00,290.00,291.10,-2.32,21126.00,6191962.60,-1
2022-08-28,289.00,291.90,276.40,278.00,-4.50,57056.00,16155073.60,-1
2022-08-29,280.00,285.50,275.00,282.20,1.51,22688.00,6372022.30,1
2022-08-30,280.00,293.00,280.00,283.00,0.28,14404.00,4085261.90,1
2022-08-31,283.00,287.00,272.00,275.00,-2.83,18497.00,5104924.20,-1
2022-09-01,275.00,285.00,267.00,274.00,-0.36,23637.00,6462634.60,-1
2022-09-02,270.00,283.50,270.00,274.00,0.00,5673.00,1569612.10,0
2022-09-04,279.40,284.00,275.00,279.00,1.82,14567.00,4080190.20,1
2022-09-05,280.10,284.00,276.00,280.00,0.36,9288.00,2587190.20,1
2022-09-06,282.90,283.00,272.00,273.90,-2.18,9807.00,2689474.70,-1
2022-09-07,270.00,273.00,264.60,270.00,-1.42,7605.00,2045893.60,-1
2022-09-08,272.00,280.00,266.00,274.00,1.48,11895.00,3257065.60,1
2022-09-11,274.00,280.00,270.00,270.90,-1.13,9325.00,2568337.50,-1
2022-09-12,276.20,276.20,265.50,266.00,-1.81,9306.00,2492693.10,-1
2022-09-13,261.00,277.80,261.00,272.10,2.29,10177.00,2782233.70,1
2022-09-14,276.00,291.00,275.00,291.00,6.95,31314.00,8908753.40,1
2022-09-15,294.00,296.00,275.00,279.00,-4.12,34637.00,9748980.00,-1
2022-09-16,273.50,275.00,262.80,273.00,-2.15,13172.00,3563788.30,-1
2022-09-18,268.00,270.00,263.10,263.50,-3.48,14341.00,3819456.70,-1
2022-09-20,260.00,263.00,250.00,250.00,-5.12,16463.00,4183195.90,-1
2022-09-21,255.00,263.00,251.50,253.20,1.28,12184.00,3142998.70,1
2022-09-22,253.00,258.00,247.30,248.00,-2.05,10263.00,2566306.70,-1
2022-09-25,244.10,248.00,238.00,238.00,-4.03,12993.00,3169079.10,-1
2022-09-27,242.00,248.00,238.00,242.50,1.89,8802.00,2148626.20,1
2022-09-28,243.00,249.00,239.00,239.00,-1.44,6652.00,1633937.50,-1
2022-09-29,243.00,247.80,240.50,247.00,3.35,4574.00,1123004.30,1
2022-10-09,251.00,260.00,248.00,258.00,4.45,10810.00,2757479.40,1
2022-10-10,263.00,263.00,250.00,252.00,-2.33,14966.00,3785692.60,-1
2022-10-11,249.00,249.90,242.10,247.00,-1.98,5729.00,1408298.60,-1
2022-10-12,251.90,257.00,245.20,252.10,2.06,13116.00,3317509.00,1
2022-10-13,257.00,265.10,255.00,261.00,3.53,30327.00,7919571.50,1
2022-10-16,262.00,263.00,252.00,254.00,-2.68,14664.00,3768120.30,-1
2022-10-17,251.00,258.00,249.10,249.20,-1.89,9618.00,2417919.30,-1
2022-10-19,248.00,249.00,242.10,247.00,-0.88,8845.00,2165435.80,-1
2022-10-20,248.00,251.00,242.10,243.50,-1.42,6151.00,1506312.30,-1
2022-10-23,247.00,248.00,243.00,246.00,1.03,6282.00,1542221.00,1
2022-10-31,247.00,248.90,242.10,247.80,0.73,5245.00,1285143.50,1
2022-11-01,242.90,267.00,242.90,265.90,7.30,25989.00,6729902.40,1
2022-11-02,268.00,276.00,255.00,265.00,-0.34,25546.00,6785715.00,-1
2022-11-03,265.00,268.00,261.00,264.00,-0.38,12167.00,3206060.50,-1
2022-11-06,264.00,277.00,264.00,275.00,4.17,19491.00,5295648.40,1
2022-11-07,280.00,290.70,270.00,273.00,-0.73,38614.00,10847257.00,-1
2022-11-08,276.00,289.00,267.60,279.00,2.20,13346.00,3691338.90,1
2022-11-09,273.50,282.00,258.90,260.20,-6.74,21756.00,5816972.00,-1
2022-11-10,263.00,269.00,247.50,254.00,-2.38,20554.00,5229620.50,-1
2022-11-13,255.00,257.90,249.10,254.00,0.00,8296.00,2099488.50,0
2022-11-14,259.00,262.60,251.00,262.00,3.15,13406.00,3431710.70,1
2022-11-15,265.00,266.80,253.00,254.90,-2.71,13729.00,3584174.20,-1
2022-11-16,258.00,260.10,252.00,254.30,-0.24,23424.00,6013019.50,-1
2022-11-17,257.00,266.00,257.00,265.00,4.21,18031.00,4749389.50,1
2022-11-22,270.00,271.00,258.00,264.00,-0.38,10740.00,2833504.50,-1
2022-11-23,259.10,262.90,250.00,260.00,-1.52,6011.00,1558517.20,-1
2022-11-24,260.00,265.00,260.00,263.00,1.15,9006.00,2363075.40,1
2022-11-27,268.20,270.00,263.50,266.00,1.14,17301.00,4611321.70,1
2022-11-28,270.00,276.00,262.80,265.00,-0.38,26253.00,7053074.00,-1
2022-11-29,269.50,271.90,263.10,271.60,2.49,11870.00,3175070.40,1
2022-11-30,267.30,273.90,265.00,270.00,-0.59,9362.00,2512311.60,-1
2022-12-01,274.90,274.90,266.00,270.00,0.00,12104.00,3271731.50,0
2022-12-04,273.00,274.00,264.80,268.00,-0.74,6637.00,1782214.10,-1
2022-12-05,269.00,269.00,257.10,258.00,-3.73,7791.00,2045059.80,-1
2022-12-06,257.00,264.00,255.00,261.90,1.51,12836.00,3314374.10,1
2022-12-07,260.00,260.00,251.60,260.00,-0.73,11665.00,2986180.50,-1
2022-12-11,254.80,256.00,251.00,253.90,-2.35,11497.00,2906597.90,-1
2022-12-12,256.00,259.90,252.70,259.00,2.01,9730.00,2492807.80,1
2022-12-13,260.00,263.00,254.00,254.00,-1.93,2837.00,724427.60,-1
2022-12-14,254.00,259.00,250.00,254.00,0.00,2720.00,691834.60,0
2022-12-15,250.10,255.00,245.50,250.00,-1.57,10816.00,2700116.80,-1
2022-12-18,250.00,253.00,243.00,245.00,-2.00,6938.00,1707350.10,-1
2022-12-19,247.50,249.90,240.40,245.00,0.00,3533.00,867547.20,0
2022-12-20,249.80,250.00,246.00,249.80,1.96,2516.00,627573.00,1
2022-12-21,251.00,251.00,243.60,245.00,-1.92,5817.00,1425366.60,-1
2022-12-22,243.20,245.00,240.70,245.00,0.00,13218.00,3195839.50,0
2022-12-26,249.00,262.00,249.00,258.00,5.31,19133.00,4926389.50,1
2022-12-27,263.10,276.00,262.00,271.30,5.16,51120.00,13870620.10,1
2022-12-28,272.90,280.00,266.60,270.00,-0.48,48517.00,13180986.30,-1
2022-12-29,272.00,290.00,267.10,290.00,7.41,48739.00,13713416.90,1
2023-01-01,294.80,307.00,290.00,299.00,3.10,78488.00,23392192.50,1
2023-01-02,299.00,306.90,287.30,300.00,0.33,63008.00,18905761.70,1
2023-01-03,304.00,305.00,294.10,297.00,-1.00,40631.00,12126700.80,-1
2023-01-04,297.00,307.00,297.00,306.00,3.03,39726.00,12043640.70,1
2023-01-05,312.10,323.00,302.90,314.00,2.61,70952.00,22092069.10,1
2023-01-08,315.00,330.00,304.00,325.00,3.50,57142.00,18375306.70,1
2023-01-09,328.00,337.00,318.60,336.00,3.38,114090.00,37556010.30,1
2023-01-10,341.00,349.00,313.60,319.00,-5.06,104002.00,34678000.80,-1
2023-01-12,325.30,340.40,307.00,307.00,-3.76,71591.00,22836745.20,-1
2023-01-17,313.10,324.80,307.00,323.00,5.21,56868.00,18077312.10,1
2023-01-18,328.00,333.00,315.00,320.00,-0.93,51234.00,16659125.00,-1
2023-01-19,325.90,325.90,314.00,318.00,-0.63,27653.00,8783013.40,-1
2023-01-23,318.00,330.00,311.70,315.00,-0.94,48101.00,15329996.00,-1
2023-01-24,315.00,335.00,311.80,332.00,5.40,106807.00,34339313.70,1
2023-01-25,337.00,340.00,329.00,330.00,-0.60,76906.00,25781885.50,-1
2023-01-26,326.00,335.00,326.00,329.00,-0.30,33572.00,11089672.40,-1
2023-01-29,323.00,328.00,313.60,316.80,-3.71,59180.00,18881521.90,-1
2023-01-30,320.00,320.00,305.00,307.00,-3.09,52404.00,16271343.60,-1
2023-01-31,307.00,310.00,299.00,300.00,-2.28,55672.00,16860379.30,-1
2023-02-01,300.00,310.00,300.00,304.50,1.50,18816.00,5733147.00,1
2023-02-02,304.60,307.00,295.00,295.10,-3.09,27254.00,8172515.00,-1
2023-02-05,300.00,305.20,296.00,296.00,0.30,35237.00,10588081.90,1
2023-02-06,300.00,306.00,295.00,303.00,2.36,24185.00,7303720.30,1
2023-02-07,307.00,332.00,303.10,330.00,8.91,75830.00,24488250.10,1
2023-02-08,336.00,338.00,320.00,324.00,-1.82,58019.00,19032861.10,-1
2023-02-09,326.00,328.40,319.00,328.00,1.23,46142.00,14934910.50,1
2023-02-12,323.00,323.00,308.70,310.00,-5.49,55495.00,17440829.80,-1
2023-02-14,304.00,314.90,304.00,306.90,-1.00,24530.00,7583818.10,-1
2023-02-15,310.00,314.00,303.00,305.00,-0.62,25691.00,7890924.00,-1
2023-02-16,302.00,311.10,299.30,300.00,-1.64,36783.00,11124193.50,-1
2023-02-20,300.00,308.00,300.00,304.90,1.63,23725.00,7197830.90,1
2023-02-22,309.00,321.00,308.00,316.70,3.87,57913.00,18354410.90,1
2023-02-23,315.00,317.90,304.00,306.00,-3.38,39953.00,12294855.90,-1
2023-02-26,299.90,312.00,290.00,309.00,0.98,50876.00,15349625.40,1
2023-02-27,309.00,311.00,299.00,309.00,0.00,31728.00,9654368.30,0
2023-02-28,314.00,314.00,305.00,308.00,-0.32,11933.00,3696441.90,-1
2023-03-01,308.00,308.00,300.40,304.00,-1.30,14167.00,4288257.30,-1
2023-03-02,299.00,304.00,296.00,300.00,-1.32,13640.00,4088085.80,-1
2023-03-05,301.00,301.00,290.00,294.00,-2.00,16359.00,4806433.00,-1
2023-03-07,293.00,302.00,293.00,297.00,1.02,15333.00,4578159.90,1
2023-03-09,300.90,310.00,300.90,308.00,3.70,19924.00,6104134.70,1
2023-03-12,311.00,313.10,302.00,305.00,-0.97,15012.00,4594537.90,-1
2023-03-13,300.00,306.00,298.00,298.40,-2.16,12223.00,3677302.80,-1
2023-03-14,304.00,305.00,298.10,304.00,1.88,17432.00,5248425.10,1
2023-03-15,308.90,308.90,298.30,298.30,-1.88,10416.00,3123265.80,-1
2023-03-16,298.00,302.00,298.00,299.00,0.23,13459.00,4037500.40,1
2023-03-19,302.00,302.50,298.00,298.50,-0.17,14183.00,4241255.60,-1
2023-03-20,302.00,305.00,300.70,304.80,2.11,12709.00,3844933.50,1
2023-03-22,308.60,308.90,302.50,302.50,-0.75,6300.00,1914188.50,-1
2023-03-23,302.50,302.50,295.00,299.00,-1.16,11823.00,3520506.90,-1
2023-03-26,300.00,303.80,294.00,296.90,-0.70,11072.00,3287720.90,-1
2023-03-27,296.90,302.70,295.00,302.00,1.72,10933.00,3265845.80,1
2023-03-28,300.00,306.00,298.90,301.00,-0.33,12568.00,3802578.90,-1
2023-03-29,301.00,301.00,297.30,298.00,-1.00,5017.00,1498702.50,-1
2023-03-30,298.10,301.90,296.20,298.00,0.00,9578.00,2859739.00,0
2023-04-02,301.90,303.90,290.30,293.00,-1.68,11522.00,3417339.60,-1
2023-04-03,289.10,295.00,287.00,288.00,-1.71,10640.00,3082417.30,-1
2023-04-04,288.00,293.00,287.00,287.00,-0.35,8704.00,2522231.00,-1
2023-04-05,287.00,291.00,284.30,289.00,0.70,6834.00,1956415.20,1
2023-04-06,288.10,289.80,282.30,283.00,-2.08,7312.00,2086235.90,-1
2023-04-09,280.00,280.00,273.00,279.00,-1.41,15097.00,4164896.10,-1
2023-04-10,280.00,286.00,279.00,281.00,0.72,10720.00,3021294.00,1
2023-04-11,283.00,290.00,281.20,289.00,2.85,11828.00,3383686.20,1
2023-04-12,294.50,309.00,294.50,308.00,6.57,24445.00,7380255.00,1
2023-04-13,309.00,313.00,300.00,304.00,-1.30,13351.00,4073888.60,-1
2023-04-16,304.00,307.00,297.00,299.00,-1.64,10159.00,3054661.20,-1
2023-04-17,293.10,298.90,289.00,290.00,-3.01,13269.00,3888056.20,-1
2023-04-18,290.00,291.70,285.00,290.00,0.00,8675.00,2492243.10,0
2023-04-19,294.00,295.00,288.50,295.00,1.72,7390.00,2159589.50,1
2023-04-20,292.60,292.60,287.00,287.00,-2.71,6000.00,1735674.70,-1
2023-04-23,285.00,286.40,280.00,284.80,-0.77,12013.00,3381516.00,-1
2023-04-24,284.00,285.00,280.00,283.00,-0.63,6663.00,1881703.20,-1
2023-04-25,285.00,287.00,280.00,284.00,0.35,5839.00,1656485.00,1
2023-04-26,285.00,286.10,278.90,280.00,-1.41,8365.00,2350401.50,-1
2023-04-27,278.00,283.00,277.50,278.00,-0.71,7300.00,2035463.90,-1
2023-04-30,274.00,279.00,273.00,273.00,-1.80,9923.00,2724456.90,-1
2023-05-02,276.00,278.00,270.10,273.90,0.33,4735.00,1293293.30,1
2023-05-03,269.10,275.40,269.00,270.90,-1.10,6059.00,1637072.20,-1
2023-05-04,270.90,275.00,269.00,275.00,1.51,4538.00,1232478.30,1
2023-05-07,275.00,276.00,268.20,268.30,-2.44,2380.00,647575.60,-1
2023-05-08,268.30,270.00,260.00,264.90,-1.27,8428.00,2218993.70,-1
2023-05-09,270.10,273.90,265.00,267.10,0.83,5524.00,1481004.10,1
2023-05-10,265.00,268.00,265.00,268.00,0.34,1155.00,307961.00,1
2023-05-11,263.30,268.40,263.20,268.00,0.00,3475.00,925029.20,0
2023-05-14,268.00,268.00,260.00,263.00,-1.87,1845.00,483818.50,-1
2023-05-15,263.00,267.00,260.10,263.00,0.00,5415.00,1419134.50,0
2023-05-16,257.80,265.00,255.50,263.90,0.34,4816.00,1261774.50,1
2023-05-17,263.90,271.00,263.00,271.00,2.69,4938.00,1324000.90,1
2023-05-18,271.00,281.90,271.00,279.00,2.95,15640.00,4344370.90,1
2023-05-21,280.00,283.90,271.00,271.10,-2.83,16310.00,4530175.00,-1
2023-05-22,272.00,283.00,268.00,278.00,2.55,12137.00,3347687.30,1
2023-05-23,281.20,290.00,276.00,290.00,4.32,28201.00,8052602.10,1
2023-05-24,286.00,295.80,286.00,295.80,2.00,22576.00,6567427.50,1
2023-05-28,290.00,296.00,284.50,285.00,-3.65,13838.00,4001290.20,-1
2023-05-30,280.00,285.00,270.00,272.00,-4.56,24843.00,6804196.00,-1
2023-05-31,267.00,274.90,262.00,265.80,-2.28,26962.00,7188039.30,-1
2023-06-01,269.00,274.80,260.50,269.90,1.54,14995.00,4023591.60,1
2023-06-04,270.00,286.00,270.00,281.70,4.37,17320.00,4839466.30,1
2023-06-05,282.00,285.90,275.20,278.90,-0.99,19468.00,5442808.80,-1
2023-06-06,280.00,284.00,279.00,282.00,1.11,16937.00,4773047.70,1
2023-06-07,286.00,290.00,279.00,282.00,0.00,16689.00,4753704.40,0
2023-06-08,282.00,284.90,280.00,281.00,-0.35,10071.00,2839618.00,-1
2023-06-11,285.00,300.00,285.00,295.00,4.98,55474.00,16396189.60,1
2023-06-12,299.00,304.40,286.20,290.60,-1.49,19849.00,5819303.30,-1
2023-06-13,285.00,302.00,285.00,297.00,2.20,41900.00,12400838.40,1
2023-06-14,297.00,304.00,288.00,293.00,-1.35,47616.00,14154520.40,-1
2023-06-15,298.00,298.00,287.40,291.90,-0.38,29646.00,8611382.90,-1
2023-06-18,297.70,300.00,295.00,299.80,2.71,42190.00,12557610.40,1
2023-06-19,305.70,327.40,300.00,323.80,8.01,115843.00,36886576.70,1
2023-06-20,330.20,331.00,309.00,309.10,-4.54,77437.00,24859735.00,-1
2023-06-21,315.20,318.00,306.00,308.90,-0.06,46448.00,14450914.10,-1
2023-06-22,313.90,317.00,306.00,308.10,-0.26,33687.00,10476083.00,-1
2023-06-25,314.20,323.00,307.80,322.00,4.51,45476.00,14482097.90,1
2023-06-26,328.40,335.00,321.00,328.00,1.86,104331.00,34346587.30,1
2023-06-27,334.50,339.00,327.00,332.00,1.22,82907.00,27612940.30,1
2023-06-28,338.60,338.60,319.00,320.50,-3.46,60964.00,19829113.60,-1
2023-07-02,326.90,336.90,315.10,317.70,-0.87,80442.00,26263398.80,-1
2023-07-03,315.30,327.00,312.80,314.00,-1.16,67968.00,21804772.00,-1
2023-07-04,320.00,328.00,316.20,323.20,2.93,42308.00,13620749.80,1
2023-07-05,329.60,346.80,326.40,331.80,2.66,202397.00,68364692.00,1
2023-07-06,338.00,338.10,327.00,331.90,0.03,55827.00,18516447.70,1
2023-07-09,335.00,347.00,332.00,346.00,4.25,101114.00,34680604.30,1
2023-07-10,352.90,372.00,347.00,368.00,6.36,166418.00,59845501.50,1
2023-07-11,375.20,388.90,360.00,380.00,3.26,107378.00,40381968.30,1
2023-07-12,387.60,390.00,359.00,360.00,-5.26,139441.00,51030755.90,-1
2023-07-13,360.00,366.80,350.00,353.00,-1.94,62073.00,22168420.10,-1
2023-07-16,360.00,360.00,348.00,351.00,-0.57,56821.00,20065981.30,-1
2023-07-17,358.00,372.00,347.60,369.90,5.38,53039.00,19334141.20,1
2023-07-18,377.00,377.00,358.10,364.00,-1.60,56943.00,20870448.80,-1
2023-07-19,371.00,371.00,356.00,357.00,-1.92,37862.00,13632602.40,-1
2023-07-20,364.00,364.00,352.40,353.90,-0.87,43586.00,15453939.90,-1
2023-07-23,360.80,365.00,350.00,359.40,1.55,50242.00,17922466.70,1
2023-07-24,361.00,361.00,348.00,350.00,-2.62,39042.00,13810313.80,-1
2023-07-25,356.90,356.90,339.00,342.90,-2.03,61503.00,21055335.60,-1
2023-07-26,336.10,348.80,336.10,342.90,0.00,28298.00,9705065.90,0
2023-07-27,343.00,350.80,333.20,336.10,-1.98,33681.00,11511835.90,-1
2023-07-30,342.00,342.00,328.00,329.90,-1.84,29724.00,9844273.20,-1
2023-07-31,335.00,340.00,328.30,334.00,1.24,31405.00,10492916.60,1
2023-08-01,340.60,340.60,323.00,326.00,-2.40,36408.00,11944593.00,-1
2023-08-02,320.00,334.90,320.00,334.90,2.73,34268.00,11321740.80,1
2023-08-03,338.00,338.00,329.00,333.00,-0.57,15684.00,5232855.60,-1
2023-08-06,326.40,328.40,310.00,311.90,-6.34,61524.00,19552487.80,-1
2023-08-07,318.00,320.00,309.00,314.90,0.96,22858.00,7180686.80,1
2023-08-08,311.10,317.40,305.40,307.00,-2.51,17681.00,5477338.60,-1
2023-08-09,311.00,318.00,303.10,318.00,3.58,26432.00,8264981.60,1
2023-08-10,323.90,329.00,315.60,323.90,1.86,24240.00,7868154.50,1
2023-08-13,330.00,330.00,318.00,322.00,-0.59,14576.00,4698360.80,-1
2023-08-14,316.00,328.40,316.00,317.00,-1.55,17254.00,5546244.10,-1
2023-08-15,312.00,322.00,309.00,312.00,-1.58,19668.00,6151100.00,-1
2023-08-16,316.00,316.00,305.20,308.00,-1.28,16624.00,5143178.90,-1
2023-08-17,314.00,314.20,308.00,310.00,0.65,18005.00,5607748.30,1
2023-08-20,311.00,315.00,305.00,305.30,-1.52,5394.00,1654945.50,-1
2023-08-21,301.10,305.90,297.00,299.00,-2.06,17990.00,5391303.00,-1
2023-08-22,295.20,310.90,295.00,308.90,3.31,11541.00,3493728.10,1
2023-08-23,303.00,318.00,303.00,316.30,2.40,11769.00,3708895.10,1
2023-08-24,314.00,314.00,305.00,308.00,-2.62,13246.00,4082326.60,-1
2023-08-27,303.00,307.90,297.00,302.80,-1.69,11590.00,3472587.90,-1
2023-08-28,302.00,308.00,299.00,300.00,-0.92,5505.00,1670363.00,-1
2023-08-29,300.00,305.00,298.50,300.00,0.00,4947.00,1482912.00,0
2023-08-30,303.00,305.00,297.20,298.00,-0.67,4346.00,1301564.50,-1
2023-09-03,295.00,298.80,292.00,294.00,-1.34,8643.00,2541331.00,-1
2023-09-04,292.00,298.00,292.00,295.00,0.34,8574.00,2529713.80,1
2023-09-05,295.00,298.90,289.10,292.80,-0.75,8422.00,2464591.40,-1
2023-09-07,288.00,293.70,283.10,286.00,-2.32,7759.00,2213876.40,-1
2023-09-10,290.00,293.90,285.00,288.00,0.70,7917.00,2287273.50,1
2023-09-11,291.80,302.00,290.10,300.00,4.17,10807.00,3215025.20,1
2023-09-12,301.00,301.00,293.00,295.80,-1.40,10820.00,3214440.90,-1
2023-09-13,301.40,307.00,296.00,306.00,3.45,13883.00,4207409.50,1
2023-09-17,302.00,305.00,292.20,295.00,-3.59,11969.00,3556105.00,-1
2023-09-18,290.10,301.00,289.50,299.90,1.66,6203.00,1848600.40,1
2023-09-19,294.70,314.00,294.00,314.00,4.70,16310.00,4954555.60,1
2023-09-21,319.00,329.90,315.00,322.00,2.55,25128.00,8156347.60,1
2023-09-24,321.00,325.00,311.00,317.00,-1.55,24413.00,7732976.70,-1
2023-09-25,311.00,322.30,311.00,314.90,-0.66,12173.00,3844058.60,-1
2023-09-26,319.00,325.00,316.00,321.00,1.94,14877.00,4752461.50,1
2023-09-27,316.00,317.00,310.10,314.80,-1.93,11868.00,3731401.30,-1
2023-10-01,309.00,310.00,305.10,307.00,-2.48,10566.00,3239516.90,-1
2023-10-02,302.30,311.00,302.00,307.00,0.00,9722.00,2984115.00,0
2023-10-03,308.00,309.00,301.90,307.80,0.26,7051.00,2138150.60,1
2023-10-04,305.00,312.00,305.00,309.50,0.55,10787.00,3328399.50,1
2023-10-05,310.00,313.00,303.00,303.10,-2.07,8233.00,2524913.60,-1
2023-10-08,297.10,306.90,297.10,304.00,0.30,16815.00,5076916.40,1
2023-10-09,298.00,308.00,298.00,304.00,0.00,5227.00,1582402.50,0
2023-10-10,298.00,308.00,296.10,300.00,-1.32,5508.00,1647989.10,-1
2023-10-11,303.00,303.50,295.00,298.00,-0.67,14115.00,4209734.00,-1
2023-10-12,302.00,302.00,290.00,294.00,-1.34,11830.00,3477459.60,-1
2023-10-16,298.00,298.00,289.00,291.00,-1.02,5641.00,1646339.90,-1
2023-10-17,295.00,305.10,294.50,295.10,1.41,6277.00,1868097.00,1
2023-10-18,300.00,303.80,296.20,298.00,0.98,4688.00,1408535.80,1
2023-10-19,302.00,302.00,292.10,292.50,-1.85,4499.00,1336943.40,-1
2023-10-29,297.00,297.00,281.10,288.60,-1.33,3915.00,1118556.80,-1
2023-10-30,291.90,294.00,288.50,293.00,1.52,6753.00,1972096.50,1
2023-10-31,288.00,291.80,287.20,289.00,-1.37,3072.00,887910.40,-1
2023-11-01,289.00,290.20,287.10,287.10,-0.66,5667.00,1633466.60,-1
2023-11-02,290.00,290.00,283.50,284.00,-1.08,2656.00,755054.00,-1
2023-11-05,286.00,286.00,280.60,280.60,-1.20,2904.00,822459.00,-1
2023-11-06,285.00,293.90,282.00,282.00,0.50,6684.00,1916788.70,1
2023-11-07,286.00,299.00,282.50,288.00,2.13,1275.00,366671.50,1
2023-11-08,291.90,291.90,286.00,289.50,0.52,3131.00,904199.00,1
2023-11-09,286.00,286.00,281.00,284.00,-1.90,4767.00,1352318.00,-1
2023-11-20,287.60,290.00,282.00,282.00,-0.70,4627.00,1320194.20,-1
2023-11-21,279.00,281.90,270.00,277.90,-1.45,11132.00,3048697.00,-1
2023-11-22,276.00,283.00,275.00,280.00,0.76,2881.00,806860.50,1
2023-11-23,281.00,290.00,281.00,290.00,3.57,8090.00,2311918.70,1
2023-11-26,293.90,300.00,290.00,299.50,3.28,12528.00,3726213.70,1
2023-11-27,302.40,305.00,292.00,296.90,-0.87,13357.00,3997219.10,-1
2023-11-28,299.00,302.80,294.00,297.60,0.24,9595.00,2852774.50,1
2023-11-29,303.50,309.00,291.50,295.60,-0.67,2606.00,766744.00,-1
2023-11-30,300.00,300.00,287.10,290.00,-1.89,9410.00,2727445.00,-1
2023-12-03,285.00,289.00,282.40,289.00,-0.34,5651.00,1606395.80,-1
2023-12-04,285.00,294.50,285.00,288.80,-0.07,8063.00,2329607.00,-1
2023-12-05,291.00,292.00,286.00,288.60,-0.07,3371.00,974745.00,-1
2023-12-06,285.00,289.00,285.00,289.00,0.14,3565.00,1025122.00,1
2023-12-07,284.00,294.70,284.00,291.90,1.00,7210.00,2089097.50,1
2023-12-10,297.70,315.60,297.70,315.60,8.12,130.00,40104.00,1
2023-12-11,321.90,328.30,304.80,308.30,-2.31,21571.00,6682902.70,-1
2023-12-12,313.80,326.00,308.00,323.00,4.77,25508.00,8087007.90,1
2023-12-13,323.40,330.00,313.60,320.00,-0.93,28152.00,9124437.30,-1
2023-12-14,313.70,320.00,313.70,318.50,-0.47,9624.00,3045392.90,-1
2023-12-17,312.20,330.00,306.10,330.00,3.61,21759.00,7002648.90,1
2023-12-18,336.50,349.80,329.00,336.00,1.82,58410.00,19860679.50,1
2023-12-19,339.80,339.80,321.00,337.00,0.30,34088.00,11231546.60,1
2023-12-20,342.50,350.50,330.00,333.00,-1.19,30655.00,10297008.80,-1
2023-12-21,330.00,334.00,322.10,324.00,-2.70,28380.00,9288005.90,-1
2023-12-24,321.20,334.50,315.20,320.00,-1.23,24277.00,7858303.30,-1
2023-12-27,325.00,326.40,311.00,313.00,-2.19,18164.00,5761385.30,-1
2023-12-28,316.00,322.00,311.10,314.00,0.32,22856.00,7216766.30,1
2024-01-01,320.20,326.00,311.00,316.90,0.92,25577.00,8068387.70,1
2024-01-02,319.00,319.00,307.60,307.70,-2.90,12827.00,3982321.00,-1
2024-01-03,313.00,316.00,307.00,314.00,2.05,11988.00,3744363.00,1
2024-01-04,319.00,319.00,307.40,308.00,-1.91,16652.00,5224089.70,-1
2024-01-07,303.00,313.50,303.00,305.00,-0.97,15326.00,4717396.50,-1
2024-01-08,305.20,316.00,304.00,316.00,3.61,36492.00,11428201.70,1
2024-01-09,320.00,335.40,316.10,331.00,4.75,68595.00,22435457.80,1
2024-01-10,337.00,340.00,325.00,325.00,-1.81,43568.00,14579221.90,-1
2024-01-11,329.00,332.00,320.00,332.00,2.15,31177.00,10076188.70,1
2024-01-14,332.00,344.00,330.00,343.70,3.52,41598.00,14148468.60,1
2024-01-16,345.00,356.50,345.00,353.00,2.71,56877.00,20011485.50,1
2024-01-17,358.00,362.00,338.00,341.00,-3.40,106543.00,37640335.40,-1
2024-01-18,337.00,344.00,332.00,334.90,-1.79,54061.00,18136760.30,-1
2024-01-21,330.00,340.00,325.10,325.90,-2.69,48446.00,16056664.10,-1
2024-01-22,331.30,334.50,320.50,323.10,-0.86,31189.00,10162686.90,-1
2024-01-23,323.00,337.00,318.70,323.00,-0.03,13601.00,4389152.80,-1
2024-01-24,329.00,330.00,318.60,320.00,-0.93,18281.00,5906061.30,-1
2024-01-25,316.20,325.00,316.20,320.00,0.00,31724.00,10195644.00,0
2024-01-28,326.40,329.00,319.60,326.00,1.88,9041.00,2924375.20,1
2024-01-29,329.00,335.50,323.00,325.00,-0.31,20874.00,6820699.00,-1
2024-01-30,329.90,332.00,321.00,327.40,0.74,17938.00,5850503.80,1
2024-01-31,322.00,353.00,322.00,329.00,0.49,78067.00,26262222.50,1
2024-02-01,329.00,346.00,329.00,338.00,2.74,142959.00,48628010.00,1
2024-02-04,333.00,348.90,333.00,342.90,1.45,55849.00,19129336.90,1
2024-02-05,337.90,348.90,337.90,339.00,-1.14,39113.00,13335287.90,-1
2024-02-06,338.10,342.90,337.40,338.10,-0.27,14937.00,5070565.30,-1
2024-02-07,343.00,343.00,335.30,340.00,0.56,24692.00,8364030.70,1
2024-02-08,337.00,339.10,334.00,335.00,-1.47,23520.00,7903250.70,-1
2024-02-11,339.00,345.00,334.60,334.70,-0.09,28403.00,9639082.80,-1
2024-02-12,328.10,341.90,328.10,340.00,1.58,16812.00,5676457.60,1
2024-02-13,335.00,341.00,330.00,332.00,-2.35,36428.00,12187517.90,-1
2024-02-14,335.00,365.20,334.00,365.20,10.00,297546.00,107038419.10,1
2024-02-15,372.00,376.00,350.90,356.00,-2.52,149300.00,54450068.60,-1
2024-02-18,363.10,363.10,340.20,345.00,-3.09,65560.00,22809963.40,-1
2024-02-20,345.00,365.00,343.60,352.00,2.03,83849.00,29586284.40,1
2024-02-21,359.00,359.00,348.00,348.00,-1.14,37267.00,13121757.50,-1
2024-02-22,353.50,369.90,348.00,354.00,1.72,135101.00,48722601.10,1
2024-02-25,361.00,375.00,351.00,365.40,3.22,152699.00,56098778.80,1
2024-02-26,365.00,374.90,354.80,360.00,-1.48,53489.00,19434219.90,-1
2024-02-27,366.00,366.00,354.00,357.90,-0.58,23501.00,8401393.50,-1
2024-02-28,357.90,362.00,347.50,353.00,-1.37,30054.00,10594509.80,-1
2024-02-29,358.70,358.70,336.10,337.00,-4.53,72146.00,24646560.70,-1
2024-03-03,332.50,344.00,331.00,336.00,-0.30,34575.00,11620506.40,-1
2024-03-04,342.70,363.50,342.70,356.40,6.07,8952.00,3195633.80,1
2024-03-05,363.50,363.50,338.00,343.00,-3.76,57544.00,20136371.00,-1
2024-03-06,345.00,356.90,337.20,349.90,2.01,70282.00,24397549.00,1
2024-03-07,356.70,363.00,351.00,357.00,2.03,60185.00,21509227.00,1
2024-03-10,357.10,369.20,357.10,362.50,1.54,49038.00,17851949.70,1
2024-03-12,367.10,370.00,360.00,369.00,1.79,52061.00,19074978.80,1
2024-03-13,372.00,387.00,364.20,379.00,2.71,122482.00,46287307.50,1
2024-03-14,386.50,390.90,376.00,377.00,-0.53,101615.00,38862545.10,-1
2024-03-17,384.50,384.50,369.00,373.00,-1.06,51365.00,19308358.30,-1
2024-03-18,370.10,379.90,370.00,375.00,0.54,63569.00,23809349.80,1
2024-03-19,382.50,404.90,380.00,395.00,5.33,241527.00,95597180.90,1
2024-03-20,395.00,400.00,380.10,381.00,-3.54,74989.00,29220149.60,-1
2024-03-21,385.00,408.00,380.00,398.00,4.46,154768.00,61532768.20,1
2024-03-25,397.00,400.00,387.00,390.00,-2.01,59548.00,23333668.90,-1
2024-03-26,385.00,397.80,385.00,390.20,0.05,42850.00,16809758.80,1
2024-03-27,382.40,397.00,379.00,380.70,-2.43,74827.00,28688464.70,-1
2024-03-28,377.30,390.00,375.00,384.90,1.10,42674.00,16354221.10,1
2024-03-31,385.00,391.90,381.00,383.00,-0.49,44880.00,17278087.80,-1
2024-04-01,382.00,385.00,375.00,375.00,-2.09,30269.00,11486546.00,-1
2024-04-02,379.90,380.00,370.00,370.00,-1.33,28165.00,10514976.50,-1
2024-04-03,377.00,377.00,367.00,371.00,0.27,24450.00,9085499.20,1
2024-04-04,375.00,397.00,366.40,385.00,3.77,89001.00,34680627.80,1
2024-04-07,392.70,423.50,385.00,423.50,10.00,213428.00,87900157.80,1
2024-04-09,431.90,465.80,431.90,465.80,9.99,333095.00,153621558.20,1
2024-04-10,475.00,481.00,439.10,448.90,-3.63,212833.00,97741666.30,-1
2024-04-14,448.90,468.00,437.10,452.00,0.69,96206.00,43461867.00,1
2024-04-15,461.00,475.00,451.00,453.70,0.38,124208.00,57361805.10,1
2024-04-16,450.00,461.00,441.00,444.00,-2.14,76916.00,34645705.30,-1
2024-04-18,435.20,458.00,427.10,441.00,-0.68,93720.00,41791383.90,-1
2024-04-21,441.00,450.00,426.00,445.00,0.91,86157.00,37807328.30,1
2024-04-22,440.00,449.80,430.00,432.00,-2.92,50163.00,21989356.50,-1
2024-04-24,439.00,470.00,433.10,456.90,5.76,125721.00,57496899.90,1
2024-04-25,460.00,477.80,458.30,463.00,1.34,129378.00,60648158.80,1
2024-04-28,466.10,490.50,460.00,489.80,5.79,140357.00,67371672.10,1
2024-04-29,490.00,538.70,475.00,538.70,9.98,284292.00,147041879.00,1
2024-04-30,549.40,590.00,544.10,563.90,4.68,219856.00,126070184.40,1
2024-05-02,564.00,582.00,552.00,561.50,-0.43,185359.00,105676482.90,-1
2024-05-05,572.70,595.00,550.30,552.00,-1.69,222578.00,126499753.10,-1
2024-05-06,563.00,563.00,500.00,520.00,-5.80,206809.00,108166679.70,-1
2024-05-07,510.00,528.00,495.00,500.00,-3.85,83802.00,42706510.40,-1
2024-05-08,507.90,550.00,492.00,533.00,6.60,94405.00,48655968.90,1
2024-05-09,534.00,560.00,534.00,548.00,2.81,309663.00,169716418.70,1
2024-05-12,558.90,560.00,531.00,532.00,-2.92,104801.00,57273709.90,-1
2024-05-13,527.00,542.00,527.00,532.60,0.11,68439.00,36588944.40,1
2024-05-14,522.00,542.00,522.00,535.00,0.45,106535.00,57013418.10,1
2024-05-15,531.00,552.30,531.00,541.80,1.27,202923.00,109435480.00,1
2024-05-16,531.00,550.00,519.50,519.50,-4.12,116356.00,61921797.60,-1
2024-05-19,515.00,535.00,505.20,511.00,-1.64,144993.00,74657299.80,-1
2024-05-20,501.20,511.00,492.00,493.30,-3.46,137198.00,68515944.10,-1
2024-05-21,487.10,535.00,487.10,530.00,7.44,81100.00,42223215.10,1
2024-05-22,539.00,539.90,511.00,513.00,-3.21,85340.00,44517192.10,-1
2024-05-26,508.10,519.00,506.00,508.00,-0.97,37038.00,18946078.90,-1
2024-05-27,501.00,518.00,501.00,512.40,0.87,44962.00,23006935.70,1
2024-05-29,512.40,519.00,505.20,506.00,-1.25,71599.00,36564387.40,-1
2024-05-30,510.00,556.60,506.10,556.60,10.00,358012.00,194570451.10,1
2024-06-02,567.70,612.20,552.00,600.00,7.80,382035.00,226413028.00,1
2024-06-03,588.00,624.20,583.00,583.00,-2.83,168744.00,100783768.90,-1
2024-06-04,594.00,630.00,579.20,607.70,4.24,213458.00,129837497.30,1
2024-06-05,600.20,619.80,600.20,601.10,-1.09,122735.00,74755378.70,-1
2024-06-06,600.00,610.00,583.20,583.20,-2.98,96030.00,56778108.20,-1
2024-06-09,583.20,599.70,578.00,582.00,-0.21,133617.00,78422395.90,-1
2024-06-10,593.60,604.00,579.10,585.10,0.53,49912.00,29305010.30,1
2024-06-11,596.00,606.00,590.00,598.00,2.20,74525.00,44555677.50,1
2024-06-12,609.90,609.90,590.10,597.90,-0.02,69439.00,41788833.20,-1
2024-06-13,609.80,619.90,597.70,601.00,0.52,470952.00,284739697.20,1
2024-06-16,609.00,661.10,596.00,661.10,10.00,479987.00,304053492.90,1
2024-06-18,665.00,678.00,657.00,658.40,-0.41,95392.00,63419164.50,-1
2024-06-19,671.50,724.20,657.00,724.20,9.99,285040.00,202338140.60,1
2024-06-20,738.60,779.90,715.00,760.40,5.00,94548.00,71733142.00,1
2024-06-23,775.60,836.40,766.00,836.40,9.99,168880.00,135899049.00,1
2024-06-24,853.10,920.00,848.00,920.00,10.00,103346.00,92267790.40,1
2024-06-25,938.40,990.00,938.40,940.20,2.20,100811.00,96964205.20,1
2024-06-26,921.40,1034.20,881.00,1033.00,9.87,174988.00,164618830.30,1
2024-06-27,1012.40,1099.00,929.70,929.70,-10.00,238041.00,227641809.60,-1
2024-06-30,948.20,985.00,877.50,970.00,4.33,141937.00,128874154.70,1
2024-07-01,950.60,950.60,873.00,873.00,-10.00,216843.00,191324394.70,-1
2024-07-02,890.40,907.80,838.00,881.10,0.93,76251.00,66013500.40,1
2024-07-03,898.70,904.50,863.20,899.80,2.12,133584.00,118558427.00,1
2024-07-04,881.90,900.60,830.20,883.00,-1.87,202888.00,176458459.60,-1
2024-07-07,865.40,883.90,833.00,857.00,-2.94,63953.00,54642542.10,-1
2024-07-08,839.90,868.00,839.90,849.00,-0.93,73523.00,62648859.80,-1
2024-07-09,832.10,861.00,799.00,815.00,-4.00,198696.00,162149081.30,-1
2024-07-10,831.30,831.30,800.10,820.00,0.61,64118.00,52391796.70,1
2024-07-11,807.50,848.00,807.50,836.20,1.98,62616.00,52489487.60,1
2024-07-14,852.90,886.00,840.10,884.00,5.72,220911.00,191719593.30,1
2024-07-15,901.60,918.00,885.00,894.00,1.13,116790.00,104644898.40,1
2024-07-16,911.80,911.80,893.00,897.00,0.34,75644.00,68035527.50,1
2024-07-17,914.90,930.00,891.10,907.10,1.13,124718.00,112747046.10,1
2024-07-18,889.00,997.80,889.00,997.80,10.00,434129.00,424683542.30,1
2024-07-21,1017.70,1097.00,1017.70,1084.90,8.73,175396.00,187705883.50,1
2024-07-22,1106.00,1189.00,1064.00,1180.00,8.77,158194.00,174925083.90,1
2024-07-23,1156.40,1248.90,1130.00,1209.00,2.46,84896.00,99483905.80,1
2024-07-24,1233.10,1309.90,1219.50,1270.00,5.05,125473.00,159253552.80,1
2024-07-25,1295.40,1397.00,1270.10,1389.00,9.37,152769.00,199833313.20,1
2024-07-28,1361.30,1527.90,1335.00,1484.00,6.84,115710.00,166062244.00,1
2024-07-29,1513.60,1632.40,1470.00,1629.00,9.77,239152.00,369110537.90,1
2024-07-30,1596.50,1791.90,1564.60,1791.70,9.99,219412.00,353883830.70,1
2024-07-31,1755.90,1970.80,1687.00,1958.90,9.33,215179.00,389458765.50,1
2024-08-01,1919.80,2154.70,1822.80,2154.00,9.96,213771.00,416723113.60,1
2024-08-05,2111.00,2111.00,1938.60,1938.60,-10.00,34044.00,66029695.00,-1
2024-08-06,1899.90,1899.90,1744.80,1744.80,-10.00,7180.00,12559624.00,-1
2024-08-07,1710.00,1919.20,1570.40,1900.00,8.90,388707.00,655598952.10,1
2024-08-08,1862.00,2090.00,1754.20,2049.00,7.84,210335.00,395269086.00,1
2024-08-11,2008.10,2241.90,1844.10,2241.90,9.41,309658.00,597434869.90,1
2024-08-12,2197.10,2466.00,2017.80,2418.00,7.85,397535.00,843695622.70,1
2024-08-13,2369.70,2614.90,2176.20,2178.00,-9.93,360943.00,819940822.50,-1
2024-08-14,2134.50,2348.00,2009.10,2300.00,5.60,293526.00,616407262.80,1
2024-08-15,2254.00,2254.00,2070.00,2070.00,-10.00,136848.00,284496155.30,-1
2024-08-18,2111.40,2111.40,1863.00,1863.00,-10.00,137472.00,256667775.70,-1
2024-08-21,1825.80,2002.00,1690.00,1970.00,5.74,140889.00,266775704.10,1
2024-08-22,1930.60,2035.30,1800.00,1936.00,-1.73,91875.00,177073882.50,-1
2024-08-25,1897.30,2094.30,1756.20,2030.00,4.86,145828.00,266681796.80,1
2024-08-27,1989.40,2111.00,1827.00,1827.00,-10.00,218596.00,415589872.50,-1
2024-08-28,1790.50,1900.00,1719.90,1830.00,0.16,231936.00,415918394.70,1
2024-08-29,1793.40,1930.00,1696.40,1900.00,3.83,192184.00,340380030.40,1
2024-09-01,1862.00,1862.00,1719.00,1719.00,-9.53,190703.00,333413305.00,-1
2024-09-02,1684.70,1807.00,1635.00,1794.00,4.36,137047.00,238809534.40,1
2024-09-03,1758.20,1788.00,1614.60,1688.00,-5.91,125424.00,213413058.90,-1
2024-09-04,1688.00,1826.30,1595.00,1650.00,-2.25,181314.00,305261311.00,-1
2024-09-05,1650.00,1785.90,1503.00,1503.00,-8.91,253776.00,405099947.10,-1
2024-09-08,1533.00,1625.00,1533.00,1582.00,5.26,121560.00,192626899.40,1
2024-09-09,1582.00,1610.00,1500.00,1575.00,-0.44,108672.00,170729052.50,-1
2024-09-10,1543.50,1605.00,1520.00,1558.00,-1.08,79478.00,124223502.60,-1
2024-09-11,1558.00,1575.00,1519.10,1549.00,-0.58,77411.00,119987395.50,-1
2024-09-12,1518.10,1583.00,1518.10,1578.90,1.93,81472.00,127276853.30,1
2024-09-15,1578.90,1598.90,1480.00,1485.00,-5.95,109826.00,168675723.30,-1
2024-09-16,1485.00,1498.00,1336.50,1360.00,-8.42,151109.00,209069694.70,-1
2024-09-18,1333.00,1390.00,1260.00,1365.90,0.43,129412.00,169837144.60,1
2024-09-22,1365.90,1393.00,1319.00,1351.00,-1.09,95860.00,129713916.90,-1
2024-09-23,1324.00,1432.90,1215.90,1420.00,5.11,165540.00,211342732.70,1
2024-09-24,1391.60,1391.60,1278.00,1295.90,-8.74,83871.00,108425749.40,-1
2024-09-25,1270.00,1321.30,1222.00,1300.00,0.32,69230.00,88874026.40,1
2024-09-26,1274.00,1351.30,1220.00,1258.90,-3.16,106073.00,133936613.00,-1
2024-09-29,1233.80,1233.80,1168.00,1168.00,-7.22,60894.00,73099907.00,-1
2024-09-30,1168.00,1223.00,1125.20,1219.80,4.43,109852.00,130185977.10,1
2024-10-01,1195.50,1341.70,1172.00,1341.70,9.99,158747.00,207210175.70,1
2024-10-02,1341.10,1425.00,1341.10,1387.90,3.44,149192.00,207155267.80,1
2024-10-06,1415.60,1499.00,1341.00,1494.80,7.70,110551.00,159910051.50,1
2024-10-07,1524.60,1559.00,1451.00,1534.00,2.62,154161.00,235124367.90,1
2024-10-08,1504.60,1533.00,1380.60,1427.00,-6.98,167598.00,239712348.80,-1
2024-10-09,1398.50,1569.70,1342.60,1390.00,-2.59,156930.00,220158896.90,-1
2024-10-15,1363.00,1457.00,1363.00,1450.00,4.32,79604.00,112359442.60,1
2024-10-16,1435.00,1469.80,1420.00,1445.50,-0.31,105373.00,150950397.90,-1
2024-10-17,1416.60,1502.20,1388.30,1446.00,0.03,84658.00,121039970.10,1
2024-10-20,1417.10,1417.10,1355.40,1383.90,-4.29,94542.00,130801846.80,-1
2024-10-21,1356.30,1466.90,1334.00,1350.00,-2.45,101843.00,139689103.20,-1
2024-10-22,1335.00,1393.00,1335.00,1393.00,3.19,37839.00,51963068.00,1
2024-10-23,1365.20,1402.90,1313.20,1350.00,-3.09,89357.00,121754261.20,-1
2024-10-24,1340.00,1340.00,1301.50,1318.90,-2.30,64270.00,84529436.50,-1
2024-10-27,1292.60,1407.00,1266.80,1407.00,6.68,136239.00,182005613.00,1
2024-10-28,1378.90,1518.90,1353.00,1400.00,-0.50,240803.00,337988518.40,-1
2024-10-29,1405.00,1425.00,1385.00,1400.00,0.00,55200.00,77242096.10,0
2024-10-30,1400.00,1500.00,1352.40,1500.00,7.14,120546.00,167735726.60,1
2024-11-05,1470.00,1559.80,1357.30,1550.00,3.33,211611.00,299084212.60,1
2024-11-06,1519.00,1519.00,1395.00,1421.90,-8.26,252277.00,353839268.70,-1
2024-11-10,1393.50,1407.00,1345.10,1386.10,-2.52,90027.00,125122000.80,-1
2024-11-11,1375.00,1400.00,1345.00,1352.00,-2.46,72145.00,98857272.50,-1
2024-11-12,1379.00,1379.00,1328.10,1333.00,-1.41,43778.00,59003048.30,-1
2024-11-13,1310.00,1409.00,1310.00,1391.80,4.41,103796.00,142853116.40,1
2024-11-14,1390.00,1470.50,1372.10,1425.10,2.39,150623.00,216355073.10,1
2024-11-17,1397.00,1477.00,1397.00,1459.90,2.44,158166.00,231566433.30,1
2024-11-19,1489.00,1489.00,1401.50,1468.00,0.55,108584.00,157237550.60,1
2024-11-20,1438.70,1518.90,1411.20,1483.90,1.08,158786.00,232273312.30,1
2024-11-21,1454.30,1605.00,1401.60,1479.00,-0.33,173118.00,252410960.20,-1
2024-11-24,1449.50,1450.00,1391.60,1400.00,-5.34,60828.00,86330411.80,-1
2024-11-25,1428.00,1460.00,1378.70,1458.00,4.14,141654.00,203107920.60,1
2024-11-26,1428.90,1581.00,1397.50,1550.00,6.31,319916.00,457800031.30,1
2024-11-27,1519.00,1519.00,1395.00,1445.00,-6.77,169404.00,241742674.90,-1
2024-11-28,1416.10,1500.00,1357.40,1500.00,3.81,211985.00,297419997.70,1
2024-12-01,1470.00,1470.00,1350.00,1362.80,-9.15,205384.00,280608486.80,-1
2024-12-02,1335.60,1499.00,1244.00,1244.00,-8.72,456988.00,594757762.50,-1
2024-12-03,1219.20,1332.00,1219.20,1299.90,4.49,88916.00,114713866.80,1
2024-12-04,1274.00,1300.50,1234.80,1244.00,-4.30,139864.00,177254999.20,-1
2024-12-05,1244.00,1254.50,1132.00,1155.00,-7.15,359392.00,421939485.40,-1
2024-12-08,1132.00,1195.40,1110.00,1195.40,3.50,138669.00,156888313.70,1
2024-12-09,1171.50,1171.50,1135.00,1150.00,-3.80,54612.00,62773764.50,-1
2024-12-10,1149.00,1150.00,1120.00,1125.00,-2.17,50257.00,56858404.10,-1
2024-12-11,1125.00,1145.90,1115.00,1125.00,0.00,66790.00,75492672.50,0
2024-12-12,1125.00,1137.90,1085.00,1087.00,-3.38,83171.00,92505814.90,-1
2024-12-16,1087.00,1087.00,1000.00,1006.00,-7.45,124614.00,127588956.80,-1
2024-12-17,1006.00,1076.80,979.10,1067.80,6.14,147391.00,150811461.40,1
2024-12-18,1080.00,1130.00,1045.00,1116.20,4.53,96887.00,107552413.40,1
2024-12-19,1116.20,1136.20,1070.00,1098.80,-1.56,91973.00,102243956.70,-1
2024-12-22,1098.00,1100.00,1032.00,1055.00,-3.99,78066.00,82950056.30,-1
2024-12-23,1042.00,1062.00,1025.00,1040.00,-1.42,54724.00,56901374.40,-1
2024-12-24,1050.00,1080.00,1049.00,1074.90,3.36,89249.00,95217961.30,1
2024-12-26,1053.50,1060.00,1017.00,1044.90,-2.79,67567.00,69946918.60,-1
2024-12-29,1024.10,1040.00,998.00,1002.00,-4.11,79167.00,79826370.20,-1
2024-12-31,1002.00,1002.00,902.00,974.90,-2.70,189918.00,178734773.90,-1
2025-01-01,970.00,1050.00,938.10,1032.90,5.95,84218.00,84828670.90,1
2025-01-02,1053.50,1117.30,1000.00,1048.00,1.46,83497.00,86765001.90,1
2025-01-05,1047.00,1065.00,988.00,990.00,-5.53,113180.00,114962747.40,-1
2025-01-06,989.00,1018.00,980.00,994.00,0.40,35094.00,34875030.80,1
2025-01-07,1008.00,1008.00,981.00,985.00,-0.91,32695.00,32395229.60,-1
2025-01-08,984.00,1051.00,984.00,1001.10,1.63,144984.00,147423034.90,1
2025-01-09,1001.10,1009.90,975.00,978.00,-2.31,91146.00,89854708.30,-1
2025-01-12,980.00,994.00,950.60,957.00,-2.15,59169.00,57078426.20,-1
2025-01-13,957.00,967.00,915.00,917.00,-4.18,98530.00,91697587.20,-1
2025-01-15,918.00,918.00,850.00,851.00,-7.20,165842.00,144448575.30,-1
2025-01-16,868.00,868.00,800.10,803.00,-5.64,162874.00,132531388.00,-1
2025-01-19,787.00,824.90,771.30,797.00,-0.75,84109.00,67312032.60,-1
2025-01-20,805.00,805.00,740.00,740.00,-7.15,109805.00,83593566.60,-1
2025-01-21,745.00,794.00,741.00,755.00,2.03,91345.00,70081969.50,1
2025-01-22,770.10,785.00,755.40,781.00,3.44,70252.00,54194272.10,1
2025-01-23,766.00,790.00,742.00,743.00,-4.87,77192.00,58915538.40,-1
2025-01-26,743.00,750.00,670.40,682.00,-8.21,169362.00,117619155.50,-1
2025-01-27,668.40,743.00,655.00,729.00,6.89,138490.00,97465143.10,1
2025-01-28,715.00,742.50,703.00,715.00,-1.92,63472.00,45703727.40,-1
2025-02-02,720.00,723.00,700.00,710.00,-0.70,88657.00,63054735.80,-1
2025-02-03,700.00,731.30,700.00,720.00,1.41,82282.00,59182547.40,1
2025-02-04,725.00,729.00,700.00,703.00,-2.36,37140.00,26259876.20,-1
2025-02-05,710.00,737.00,696.00,721.00,2.56,86608.00,62078321.80,1
2025-02-06,735.00,775.00,729.00,751.00,4.16,134776.00,101371576.30,1
2025-02-09,751.00,757.30,735.00,737.00,-1.86,64371.00,47908278.80,-1
2025-02-10,751.00,751.00,725.20,730.00,-0.95,41358.00,30428588.90,-1
2025-02-11,722.30,749.70,715.00,717.90,-1.66,50594.00,36709095.50,-1
2025-02-12,732.00,744.00,711.00,732.00,1.96,47665.00,34786190.20,1
2025-02-13,746.60,753.70,718.00,736.20,0.57,68231.00,50524857.60,1
2025-02-16,749.00,809.80,749.00,809.80,10.00,184154.00,145361094.70,1
2025-02-17,825.00,857.70,825.00,838.00,3.48,169128.00,142815020.30,1
2025-02-18,854.00,854.60,790.20,803.80,-4.08,103656.00,84832007.50,-1
2025-02-20,800.00,830.00,787.80,807.00,0.40,75169.00,60659030.20,1
2025-02-23,790.90,823.00,777.00,795.30,-1.45,60813.00,48790731.00,-1
2025-02-24,810.00,816.00,786.00,789.00,-0.79,51878.00,41430610.30,-1
2025-02-25,800.00,803.00,775.00,780.10,-1.13,38969.00,30721261.10,-1
2025-02-27,795.70,805.00,777.00,780.00,-0.01,40045.00,31492065.70,-1
2025-03-02,795.60,820.00,793.00,816.00,4.62,69552.00,56418031.70,1
2025-03-03,830.00,859.60,816.00,816.00,0.00,84989.00,70572768.20,0
2025-03-04,823.30,829.90,795.00,797.20,-2.30,65550.00,53004284.80,-1
2025-03-05,805.00,805.00,783.00,785.20,-1.51,36685.00,28949319.50,-1
2025-03-06,786.00,796.00,779.00,781.00,-0.53,45858.00,35931458.60,-1
2025-03-09,782.00,789.80,760.00,761.00,-2.56,49414.00,38143337.40,-1
2025-03-10,775.00,775.00,744.90,744.90,-2.12,45612.00,34458745.40,-1
2025-03-11,745.00,760.00,726.00,734.00,-1.46,45841.00,33934414.10,-1
2025-03-12,735.30,744.50,730.00,734.90,0.12,30046.00,22109959.40,1
2025-03-16,735.00,745.00,720.20,724.50,-1.42,31019.00,22519601.60,-1
2025-03-17,725.00,742.00,720.30,724.00,-0.07,20937.00,15297049.30,-1
2025-03-18,738.00,738.00,720.00,723.00,-0.14,17315.00,12563285.00,-1
2025-03-19,717.00,731.30,710.00,717.00,-0.83,23634.00,17001903.00,-1
2025-03-20,728.90,728.90,701.00,703.26,-1.92,30580.00,21614835.30,-1
2025-03-23,710.00,715.00,675.00,680.47,-3.24,49925.00,34261984.70,-1
2025-03-24,684.00,706.00,665.00,703.95,3.45,43880.00,30396558.50,1
2025-03-25,704.00,707.00,677.00,679.26,-3.51,25254.00,17341840.30,-1
2025-03-26,691.90,699.90,680.00,685.88,0.97,12453.00,8556303.10,1
2025-03-27,698.00,698.00,687.10,690.65,0.70,21941.00,15159394.50,1
2025-03-30,690.00,719.90,685.00,710.21,2.83,32521.00,23045875.90,1
2025-04-01,712.00,718.90,695.00,699.56,-1.50,18892.00,13246914.60,-1
2025-04-02,699.00,739.00,692.00,722.96,3.34,49235.00,35337749.60,1
2025-04-03,723.00,730.00,705.10,708.24,-2.04,17436.00,12464145.20,-1
2025-04-07,712.00,714.80,689.00,690.20,-2.55,29788.00,20683079.50,-1
2025-04-08,690.00,697.80,680.30,693.64,0.50,14052.00,9672562.10,1
2025-04-09,698.00,707.00,690.00,691.40,-0.32,12323.00,8559627.60,-1
2025-04-10,705.00,705.00,685.00,687.75,-0.53,15727.00,10828912.60,-1
2025-04-13,688.00,699.50,680.40,683.04,-0.68,13196.00,9052927.50,-1
2025-04-15,690.00,702.00,690.00,692.49,1.38,13883.00,9630627.40,1
2025-04-16,704.00,704.00,685.00,685.74,-0.97,17222.00,11850608.70,-1
2025-04-17,690.00,701.00,687.00,695.98,1.49,31686.00,22035771.80,1
2025-04-20,699.00,699.00,681.00,686.21,-1.40,14728.00,10140673.60,-1
2025-04-21,688.00,690.00,672.00,678.01,-1.19,26676.00,18136839.90,-1
2025-04-22,688.00,690.00,672.20,673.47,-0.67,18828.00,12747772.10,-1
2025-04-23,686.90,686.90,663.00,665.88,-1.13,19147.00,12823266.40,-1
2025-04-24,670.00,683.00,663.50,665.80,-0.01,17296.00,11547242.20,-1
2025-04-27,658.00,678.00,655.00,657.36,-1.27,29907.00,19741520.10,-1
2025-04-28,660.00,675.00,657.00,665.56,1.25,32548.00,21714401.40,1
2025-04-29,674.00,675.00,655.00,655.60,-1.50,16659.00,11009923.20,-1
2025-04-30,654.00,660.00,636.50,642.74,-1.96,28346.00,18260651.10,-1
2025-05-04,654.00,654.00,624.00,625.17,-2.73,27866.00,17671651.60,-1
2025-05-05,629.00,629.00,605.00,607.43,-2.84,34272.00,20929015.70,-1
2025-05-06,608.00,610.80,590.00,590.98,-2.71,40934.00,24360822.80,-1
2025-05-07,590.00,644.00,576.00,637.71,7.91,50556.00,30621302.20,1
2025-05-08,640.00,681.00,625.00,657.12,3.04,62391.00,40814291.60,1
2025-05-11,657.00,669.90,635.00,637.69,-2.96,31827.00,20547956.80,-1
2025-05-13,640.00,648.00,615.00,621.80,-2.49,25390.00,15922426.90,-1
2025-05-14,634.10,634.10,614.00,615.24,-1.06,19365.00,12030338.50,-1
2025-05-15,625.90,625.90,605.00,609.29,-0.97,20970.00,12790772.40,-1
2025-05-18,619.80,619.80,602.00,602.52,-1.11,21796.00,13267286.60,-1
2025-05-19,614.00,620.00,604.00,608.01,0.91,15738.00,9600229.60,1
2025-05-20,610.00,635.80,602.20,629.41,3.52,27174.00,16879094.30,1
2025-05-21,641.90,679.00,630.00,632.76,0.53,46613.00,30075294.00,1
2025-05-22,630.00,642.00,625.00,627.87,-0.77,21139.00,13397212.60,-1
2025-05-25,640.40,640.40,623.30,624.35,-0.56,13357.00,8406463.40,-1
2025-05-26,636.80,651.00,617.40,619.84,-0.72,28004.00,17670220.30,-1
2025-05-27,618.00,625.00,617.00,619.90,0.01,9604.00,5951289.70,1
2025-05-28,620.00,626.00,613.50,622.36,0.40,12897.00,7986188.20,1
2025-06-02,634.80,641.00,621.40,623.21,0.14,12827.00,8056587.60,1
2025-06-03,628.50,635.00,618.00,620.97,-0.36,16177.00,10097110.50,-1
2025-06-04,631.90,631.90,608.90,612.22,-1.41,14490.00,8915316.20,-1
2025-06-05,624.00,628.90,610.00,611.87,-0.06,13293.00,8175986.20,-1
2025-06-08,622.00,624.00,605.00,606.67,-0.85,15950.00,9717265.00,-1
2025-06-09,612.00,614.00,605.00,605.21,-0.24,13496.00,8217523.40,-1
2025-06-10,612.00,635.00,610.00,630.55,4.19,47781.00,29943870.60,1
2025-06-11,640.00,643.00,615.00,617.40,-2.09,28302.00,17734956.40,-1
2025-06-12,627.00,675.00,618.00,648.11,4.97,80010.00,52203669.60,1
2025-06-15,661.00,661.00,644.00,645.03,-0.48,24540.00,15990854.30,-1
2025-06-16,640.00,645.00,626.00,633.08,-1.85,25985.00,16493514.10,-1
2025-06-17,644.90,644.90,622.00,627.02,-0.96,16509.00,10378043.70,-1
2025-06-18,627.00,635.00,620.00,620.96,-0.97,16416.00,10252252.10,-1
2025-06-19,618.00,626.00,613.10,614.92,-0.97,21688.00,13396906.00,-1
2025-06-22,614.20,619.00,611.00,611.94,-0.48,15687.00,9618119.10,-1
2025-06-23,610.00,619.00,608.00,612.47,0.09,17819.00,10893049.10,1
2025-06-24,616.00,620.90,608.00,608.17,-0.70,11842.00,7231259.00,-1
2025-06-25,608.00,617.90,602.00,605.34,-0.47,16227.00,9844136.50,-1
2025-06-26,603.00,624.00,603.00,605.10,-0.04,24934.00,15251497.90,-1
2025-06-29,615.00,615.00,600.00,605.91,0.13,21997.00,13293131.60,1
2025-06-30,607.00,620.00,607.00,609.77,0.64,16946.00,10387782.40,1
2025-07-01,618.00,618.00,610.00,613.89,0.68,14038.00,8601937.70,1
2025-07-02,617.00,634.90,610.20,631.18,2.82,43499.00,27270286.90,1
2025-07-03,640.00,694.20,625.00,694.20,9.98,147307.00,100125588.50,1
2025-07-06,708.00,763.60,708.00,763.60,10.00,156869.00,117460758.80,1
2025-07-07,778.80,790.00,700.10,722.41,-5.39,205841.00,153305720.90,-1
2025-07-08,722.00,740.50,707.60,733.72,1.57,67045.00,48892103.50,1
2025-07-09,735.00,745.00,722.00,729.50,-0.58,38322.00,27973026.00,-1
2025-07-10,730.10,758.00,721.80,734.02,0.62,47796.00,35092061.00,1
2025-07-13,748.70,778.00,741.20,748.00,1.90,58532.00,43884623.80,1
2025-07-14,750.00,750.00,725.10,729.40,-2.49,24547.00,18027844.40,-1
2025-07-15,722.00,746.00,722.00,735.73,0.87,39042.00,28919360.60,1
2025-07-16,745.00,753.50,740.00,741.37,0.77,34643.00,25803959.10,1
2025-07-17,754.00,758.00,744.00,753.17,1.59,53341.00,40147235.50,1
2025-07-20,768.00,768.00,725.30,732.64,-2.73,73718.00,54981420.00,-1
2025-07-21,746.00,747.00,710.00,724.33,-1.13,57341.00,41516344.00,-1
2025-07-22,738.80,738.80,710.50,730.29,0.82,55342.00,40352838.90,1
2025-07-23,744.80,764.00,725.20,754.84,3.36,87938.00,65783082.90,1
2025-07-24,769.90,769.90,741.00,746.45,-1.11,41367.00,31032900.60,-1
2025-07-27,761.00,761.00,721.00,726.24,-2.71,55441.00,40758469.30,-1
2025-07-28,726.00,742.00,711.80,732.80,0.90,43191.00,31372457.20,1
2025-07-29,747.00,747.00,727.60,729.27,-0.48,29839.00,21896543.90,-1
2025-07-30,731.00,740.00,715.00,716.58,-1.74,47021.00,33886670.40,-1
2025-07-31,718.00,788.20,715.50,788.19,9.99,242942.00,187217740.50,1
2025-08-03,803.90,851.00,789.00,792.90,0.60,225063.00,183648873.20,1
2025-08-04,795.00,800.00,758.00,765.29,-3.48,119695.00,92562793.90,-1
2025-08-05,774.90,774.90,743.30,744.29,-2.74,33949.00,25512278.30,-1
2025-08-06,759.00,759.00,729.30,730.71,-1.82,30284.00,22348621.60,-1
2025-08-07,745.00,745.30,731.40,737.61,0.94,39494.00,29152561.30,1
2025-08-11,735.00,749.00,717.50,721.53,-2.18,50160.00,36746621.30,-1
2025-08-12,735.90,735.90,718.00,720.08,-0.20,26904.00,19447562.90,-1
2025-08-13,718.00,763.90,718.00,731.03,1.52,43683.00,32269275.00,1
2025-08-14,745.00,745.00,721.00,724.62,-0.88,26840.00,19540550.60,-1
2025-08-17,720.00,731.80,718.00,720.25,-0.60,28707.00,20786596.00,-1
2025-08-18,725.00,744.60,723.00,723.52,0.45,32239.00,23633016.50,1
2025-08-19,737.70,737.70,715.00,718.48,-0.70,18973.00,13737651.50,-1
2025-08-20,719.00,727.90,715.10,716.25,-0.31,22578.00,16226535.70,-1
2025-08-21,724.00,724.00,703.10,706.77,-1.32,30367.00,21596397.60,-1
2025-08-24,707.80,714.50,685.00,686.81,-2.82,38769.00,26897452.70,-1
2025-08-25,700.00,700.00,673.10,680.53,-0.91,22304.00,15214704.90,-1
2025-08-26,668.00,693.00,668.00,674.95,-0.82,10253.00,6937870.70,-1
2025-08-27,686.00,703.00,679.00,694.91,2.96,24771.00,17175674.10,1
2025-08-28,700.00,701.00,680.00,681.75,-1.89,23492.00,16174848.30,-1
2025-08-31,679.00,686.70,666.00,667.38,-2.11,17023.00,11439035.50,-1
2025-09-01,680.00,680.00,663.00,665.16,-0.33,14157.00,9438210.50,-1
2025-09-02,657.00,670.00,657.00,662.30,-0.43,12071.00,8007890.40,-1
2025-09-03,665.00,670.00,653.00,654.57,-1.17,9069.00,5981387.10,-1
2025-09-04,650.00,660.00,638.00,639.71,-2.27,21551.00,13889297.70,-1
2025-09-07,635.00,647.70,622.00,643.13,0.53,12558.00,8009140.90,1
2025-09-08,632.40,645.00,631.00,632.92,-1.59,14762.00,9396681.30,-1
2025-09-18,633.00,633.00,603.00,605.00,-4.41,515.00,318078.50,-1
2025-09-21,605.00,664.90,600.00,660.01,9.09,32534.00,20465566.20,1
2025-09-23,655.00,683.00,650.00,671.00,1.67,21574.00,14498630.60,1
2025-09-24,666.00,672.90,650.00,655.00,-2.38,7686.00,5084132.50,-1
2025-09-25,650.00,662.40,637.00,646.00,-1.37,13732.00,8887813.10,-1
2025-09-28,646.20,660.00,646.20,647.40,0.22,7844.00,5107201.90,1
2025-10-07,660.00,660.00,628.10,639.00,-1.30,11647.00,7409882.90,-1
2025-10-08,631.10,636.00,605.90,626.00,-2.03,22957.00,14230954.50,-1
2025-10-09,638.50,660.90,631.50,633.00,1.12,19500.00,12593126.60,1
2025-10-12,621.00,624.00,608.00,615.10,-2.83,25616.00,15797280.10,-1
2025-10-13,608.00,627.40,608.00,626.00,1.77,13552.00,8405298.70,1
2025-10-14,623.00,629.00,614.00,614.00,-1.92,7685.00,4761072.90,-1
2025-10-15,611.10,619.00,605.20,608.00,-0.98,10755.00,6556602.40,-1
2025-10-16,614.90,614.90,606.00,609.00,0.16,12968.00,7877526.10,1
2025-10-19,619.90,619.90,605.00,610.00,0.16,6990.00,4268794.70,1
2025-10-26,605.00,610.00,600.30,609.00,-0.16,3793.00,2294575.10,-1
2025-10-28,616.70,640.50,616.70,631.30,3.66,11692.00,7362259.50,1
2025-10-29,641.00,655.00,621.00,629.00,-0.36,15435.00,9879149.80,-1
2025-10-30,640.00,652.00,625.30,638.10,1.45,16907.00,10801445.60,1
2025-11-02,640.00,665.00,640.00,657.50,3.04,29790.00,19457651.10,1
2025-11-03,662.00,670.00,650.00,652.00,-0.84,11026.00,7287654.70,-1
2025-11-04,645.00,669.00,639.00,639.00,-1.99,19137.00,12449942.50,-1
2025-11-05,651.00,698.00,637.00,698.00,9.23,88917.00,60022792.50,1
2025-11-06,709.00,725.00,699.00,710.00,1.72,88804.00,63504562.00,1
2025-11-09,695.80,707.00,660.00,662.00,-6.76,80662.00,54277027.20,-1
2025-11-10,669.00,669.00,640.00,650.00,-1.81,35104.00,22802762.30,-1
2025-11-11,662.80,662.80,641.00,644.50,-0.85,18402.00,11858899.20,-1
2025-11-12,644.50,668.00,636.00,641.90,-0.40,19196.00,12497446.60,-1
2025-11-13,629.10,653.90,629.10,643.00,0.17,24419.00,15637957.00,1
2025-11-16,650.00,675.00,640.00,640.00,-0.47,23019.00,14983612.10,-1
2025-11-17,652.00,666.00,638.00,664.00,3.75,33133.00,21781142.80,1
2025-11-18,669.00,677.00,658.00,670.40,0.96,37683.00,25012110.00,1
2025-11-19,671.00,677.00,648.00,659.90,-1.57,23389.00,15296477.90,-1
2025-11-20,646.80,659.00,638.00,640.00,-3.02,35419.00,22810127.60,-1
2025-11-23,652.00,660.00,640.00,644.50,0.70,25648.00,16576308.80,1
2025-11-24,655.00,657.30,648.10,653.00,1.32,16028.00,10461894.70,1
2025-11-25,665.00,665.00,650.00,650.00,-0.46,14704.00,9579370.40,-1
2025-11-26,650.00,659.90,649.00,650.00,0.00,14397.00,9403830.50,0
2025-11-27,646.30,654.90,644.00,648.00,-0.31,13033.00,8458222.80,-1
2025-11-30,650.00,653.00,638.00,638.30,-1.50,16859.00,10834973.40,-1
2025-12-01,633.60,650.00,633.60,639.30,0.16,16165.00,10398648.00,1
2025-12-02,648.00,651.90,639.00,640.00,0.11,15285.00,9850104.50,1
2025-12-03,640.90,662.00,640.90,642.30,0.36,24623.00,16069245.40,1
2025-12-07,643.0,645.0,638.0,638.5,-0.7,6097.0,3911135.5,-1
2025-12-08,633.0,644.0,630.0,631.0,-0.32,13332.0,8456600.0,-1
2025-12-09,632.0,642.0,631.0,632.0,0.0,8671.0,5511376.9,0
2025-12-10,642.0,642.0,630.1,635.0,-1.09,10058.0,6375880.6,-1
2025-12-11,630.0,640.0,625.0,627.9,-0.33,11882.0,7460856.0,-1
2025-12-14,625.0,632.0,616.0,623.0,-0.32,14180.0,8798989.8,-1
2025-12-15,620.0,629.7,615.0,624.0,0.65,13617.0,8486520.3,1
2025-12-16,621.1,629.9,621.1,623.0,0.31,8584.0,5368938.2,1
2025-12-17,631.5,639.0,624.1,633.1,0.25,14965.0,9469446.1,1
2025-12-18,644.8,644.8,631.0,631.0,-2.14,9768.0,6201612.9,-1
2025-12-21,630.0,630.6,618.0,623.5,-1.03,10794.0,6713357.6,-1
2025-12-22,617.0,625.0,612.9,614.0,-0.49,13704.0,8441385.4,-1
2025-12-23,614.0,622.5,610.3,617.9,0.64,6312.0,3882106.9,1
2025-12-24,618.0,622.0,612.2,612.3,-0.92,6913.0,4255735.3,-1
2025-12-28,623.9,632.0,616.0,624.0,0.02,11812.0,7375095.3,1
2025-12-29,636.0,647.0,626.2,628.2,-1.23,21522.0,13674895.1,-1
2025-12-31,632.0,638.8,619.5,619.5,-1.98,32471.0,20403704.1,-1
2026-01-01,619.5,630.0,618.0,618.0,-0.24,8455.0,5260963.1,-1
2026-01-04,612.0,626.9,610.2,618.0,0.98,16896.0,10458858.4,1
2026-01-05,618.0,632.0,618.0,632.0,2.27,24366.0,15224679.0,1
2026-01-06,640.4,644.0,633.2,639.0,-0.22,33362.0,21315952.9,-1
2026-01-07,632.1,650.0,632.1,636.1,0.63,32523.0,20921608.0,1
2026-01-08,626.8,642.0,626.8,630.0,0.51,23575.0,15005361.5,1
2026-01-12,642.0,642.4,623.1,628.0,-2.18,21925.0,13839461.9,-1
2026-01-13,628.0,628.0,620.1,625.5,-0.4,17189.0,10718855.7,-1
2026-01-14,625.1,639.9,623.3,630.0,0.78,30244.0,19100653.7,1
2026-01-18,636.0,666.3,635.0,658.1,3.47,81414.0,53443992.5,1
2026-01-20,661.0,682.0,660.0,667.0,0.91,66994.0,44933010.1,1
